05.23.11.16.52.285	 Left: 1.0 Right: 1.0
05.23.11.16.52.536	 Left: 1.0 Right: 1.0
05.23.11.16.52.785	 Left: 1.0 Right: 1.0
05.23.11.16.53.036	 Left: 1.0 Right: 1.0
05.23.11.16.53.286	 Left: 1.0 Right: 1.0
05.23.11.16.53.536	 Left: 1.0 Right: 1.0
05.23.11.16.53.787	 Left: 1.0 Right: 1.0
05.23.11.16.54.037	 Left: 1.0 Right: 1.0
05.23.11.16.54.287	 Left: 1.0 Right: 1.0
05.23.11.16.54.538	 Left: 1.0 Right: 1.0
05.23.11.16.54.789	 Left: 1.0 Right: 1.0
05.23.11.16.55.039	 Left: 1.0 Right: 1.0
05.23.11.16.55.290	 Left: 1.0 Right: 1.0
05.23.11.16.55.541	 Left: 1.0 Right: 1.0
05.23.11.16.55.791	 Left: 1.0 Right: 1.0
05.23.11.16.56.042	 Left: 1.0 Right: 1.0
05.23.11.16.56.292	 Left: 1.0 Right: 1.0
05.23.11.16.56.542	 Left: 1.0 Right: 1.0
05.23.11.16.56.792	 Left: 1.0 Right: 1.0
05.23.11.16.57.043	 Left: 1.0 Right: 1.0
05.23.11.16.57.294	 Left: 1.0 Right: 1.0
05.23.11.16.57.544	 Left: 1.0 Right: 1.0
05.23.11.16.57.795	 Left: 1.0 Right: 1.0
05.23.11.16.58.045	 Left: 1.0 Right: 1.0
05.23.11.16.58.295	 Left: 1.0 Right: 2.0
05.23.11.16.58.545	 Left: 1.0 Right: 4.0
05.23.11.16.58.795	 Left: 1.0 Right: 4.0
05.23.11.16.59.046	 Left: 1.0 Right: 4.0
05.23.11.16.59.296	 Left: 1.0 Right: 4.0
05.23.11.16.59.546	 Left: 1.0 Right: 4.0
05.23.11.16.59.797	 Left: 1.0 Right: 4.0
05.23.11.17.00.047	 Left: 1.0 Right: 4.0
05.23.11.17.00.298	 Left: 1.0 Right: 4.0
05.23.11.17.00.548	 Left: 1.0 Right: 4.0
05.23.11.17.00.798	 Left: 1.0 Right: 0.0
05.23.11.17.01.049	 Left: 1.0 Right: 0.0
05.23.11.17.01.299	 Left: 1.0 Right: 4.0
05.23.11.17.01.550	 Left: 1.0 Right: 4.0
05.23.11.17.01.800	 Left: 1.0 Right: 4.0
05.23.11.17.02.051	 Left: 1.0 Right: 4.0
05.23.11.17.02.301	 Left: 1.0 Right: 4.0
05.23.11.17.02.551	 Left: 1.0 Right: 4.0
05.23.11.17.02.802	 Left: 1.0 Right: 4.0
05.23.11.17.03.052	 Left: 1.0 Right: 4.0
05.23.11.17.03.302	 Left: 1.0 Right: 4.0
05.23.11.17.03.552	 Left: 1.0 Right: 4.0
05.23.11.17.03.802	 Left: 1.0 Right: 4.0
05.23.11.17.04.053	 Left: 1.0 Right: 4.0
05.23.11.17.04.303	 Left: 1.0 Right: 4.0
05.23.11.17.04.554	 Left: 1.0 Right: 4.0
05.23.11.17.04.804	 Left: 1.0 Right: 4.0
05.23.11.17.05.054	 Left: 1.0 Right: 4.0
05.23.11.17.05.305	 Left: 1.0 Right: 3.0
05.23.11.17.05.555	 Left: 1.0 Right: 4.0
05.23.11.17.05.806	 Left: 1.0 Right: 4.0
05.23.11.17.06.056	 Left: 1.0 Right: 4.0
05.23.11.17.06.306	 Left: 1.0 Right: 4.0
05.23.11.17.06.556	 Left: 1.0 Right: 4.0
05.23.11.17.06.806	 Left: 1.0 Right: 4.0
05.23.11.17.07.057	 Left: 1.0 Right: 4.0
05.23.11.17.07.307	 Left: 1.0 Right: 4.0
05.23.11.17.07.557	 Left: 1.0 Right: 4.0
05.23.11.17.07.808	 Left: 1.0 Right: 4.0
05.23.11.17.08.058	 Left: 1.0 Right: 4.0
05.23.11.17.08.308	 Left: 1.0 Right: 4.0
05.23.11.17.08.559	 Left: 1.0 Right: 4.0
05.23.11.17.08.809	 Left: 1.0 Right: 4.0
05.23.11.17.09.060	 Left: 1.0 Right: 4.0
05.23.11.17.09.310	 Left: 1.0 Right: 4.0
05.23.11.17.09.561	 Left: 1.0 Right: 4.0
05.23.11.17.09.811	 Left: 1.0 Right: 4.0
05.23.11.17.10.062	 Left: 1.0 Right: 4.0
05.23.11.17.10.312	 Left: 1.0 Right: 4.0
05.23.11.17.10.563	 Left: 1.0 Right: 4.0
05.23.11.17.10.813	 Left: 1.0 Right: 4.0
05.23.11.17.11.063	 Left: 1.0 Right: 4.0
05.23.11.17.11.314	 Left: 1.0 Right: 4.0
05.23.11.17.11.564	 Left: 1.0 Right: 4.0
05.23.11.17.11.814	 Left: 1.0 Right: 4.0
05.23.11.17.12.064	 Left: 1.0 Right: 4.0
05.23.11.17.12.314	 Left: 1.0 Right: 0.0
05.23.11.17.12.565	 Left: 1.0 Right: 4.0
05.23.11.17.12.815	 Left: 1.0 Right: 4.0
05.23.11.17.13.065	 Left: 1.0 Right: 4.0
05.23.11.17.13.316	 Left: 1.0 Right: 4.0
05.23.11.17.13.566	 Left: 1.0 Right: 4.0
05.23.11.17.13.818	 Left: 1.0 Right: 4.0
05.23.11.17.14.068	 Left: 1.0 Right: 4.0
05.23.11.17.14.318	 Left: 1.0 Right: 0.0
05.23.11.17.14.569	 Left: 1.0 Right: 0.0
05.23.11.17.14.819	 Left: 1.0 Right: 0.0
05.23.11.17.15.069	 Left: 1.0 Right: 0.0
05.23.11.17.15.319	 Left: 1.0 Right: 0.0
05.23.11.17.15.569	 Left: 1.0 Right: 0.0
05.23.11.17.15.820	 Left: 1.0 Right: 0.0
05.23.11.17.16.070	 Left: 1.0 Right: 0.0
05.23.11.17.16.321	 Left: 1.0 Right: 0.0
05.23.11.17.16.571	 Left: 1.0 Right: 0.0
05.23.11.17.16.821	 Left: 1.0 Right: 0.0
05.23.11.17.17.071	 Left: 1.0 Right: 0.0
05.23.11.17.17.321	 Left: 1.0 Right: 0.0
05.23.11.17.17.571	 Left: 1.0 Right: 0.0
05.23.11.17.17.822	 Left: 1.0 Right: 1.0
05.23.11.17.18.072	 Left: 1.0 Right: 1.0
05.23.11.17.18.322	 Left: 1.0 Right: 1.0
05.23.11.17.18.572	 Left: 1.0 Right: 0.0
05.23.11.17.18.823	 Left: 1.0 Right: 0.0
05.23.11.17.19.073	 Left: 1.0 Right: 0.0
05.23.11.17.19.323	 Left: 1.0 Right: 0.0
05.23.11.17.19.574	 Left: 1.0 Right: 0.0
05.23.11.17.19.824	 Left: 1.0 Right: 0.0
05.23.11.17.20.075	 Left: 1.0 Right: 0.0
05.23.11.17.20.326	 Left: 1.0 Right: 0.0
05.23.11.17.20.576	 Left: 1.0 Right: 4.0
05.23.11.17.20.826	 Left: 1.0 Right: 4.0
05.23.11.17.21.076	 Left: 1.0 Right: 4.0
05.23.11.17.21.327	 Left: 1.0 Right: 4.0
05.23.11.17.21.578	 Left: 1.0 Right: 4.0
05.23.11.17.21.829	 Left: 1.0 Right: 4.0
05.23.11.17.22.080	 Left: 1.0 Right: 4.0
05.23.11.17.22.330	 Left: 1.0 Right: 4.0
05.23.11.17.22.581	 Left: 1.0 Right: 4.0
05.23.11.17.22.831	 Left: 1.0 Right: 4.0
05.23.11.17.23.081	 Left: 1.0 Right: 4.0
05.23.11.17.23.331	 Left: 1.0 Right: 4.0
05.23.11.17.23.582	 Left: 1.0 Right: 4.0
05.23.11.17.23.832	 Left: 1.0 Right: 4.0
05.23.11.17.24.082	 Left: 1.0 Right: 4.0
05.23.11.17.24.332	 Left: 1.0 Right: 4.0
05.23.11.17.24.583	 Left: 1.0 Right: 4.0
05.23.11.17.24.833	 Left: 1.0 Right: 4.0
05.23.11.17.25.083	 Left: 1.0 Right: 4.0
05.23.11.17.25.334	 Left: 1.0 Right: 4.0
05.23.11.17.25.584	 Left: 1.0 Right: 4.0
05.23.11.17.25.835	 Left: 1.0 Right: 4.0
05.23.11.17.26.085	 Left: 1.0 Right: 4.0
05.23.11.17.26.335	 Left: 1.0 Right: 4.0
05.23.11.17.26.586	 Left: 1.0 Right: 4.0
05.23.11.17.26.836	 Left: 1.0 Right: 4.0
05.23.11.17.27.086	 Left: 1.0 Right: 4.0
05.23.11.17.27.336	 Left: 1.0 Right: 4.0
05.23.11.17.27.586	 Left: 1.0 Right: 4.0
05.23.11.17.27.837	 Left: 1.0 Right: 4.0
05.23.11.17.28.087	 Left: 1.0 Right: 4.0
05.23.11.17.28.337	 Left: 1.0 Right: 4.0
05.23.11.17.28.588	 Left: 1.0 Right: 4.0
05.23.11.17.28.838	 Left: 1.0 Right: 4.0
05.23.11.17.29.088	 Left: 1.0 Right: 4.0
05.23.11.17.29.338	 Left: 1.0 Right: 4.0
05.23.11.17.29.589	 Left: 1.0 Right: 4.0
05.23.11.17.29.839	 Left: 1.0 Right: 4.0
05.23.11.17.30.090	 Left: 1.0 Right: 4.0
05.23.11.17.30.340	 Left: 1.0 Right: 4.0
05.23.11.17.30.590	 Left: 1.0 Right: 4.0
05.23.11.17.30.841	 Left: 1.0 Right: 4.0
05.23.11.17.31.091	 Left: 1.0 Right: 4.0
05.23.11.17.31.341	 Left: 1.0 Right: 4.0
05.23.11.17.31.591	 Left: 1.0 Right: 4.0
05.23.11.17.31.842	 Left: 1.0 Right: 4.0
05.23.11.17.32.092	 Left: 1.0 Right: 4.0
05.23.11.17.32.342	 Left: 1.0 Right: 4.0
05.23.11.17.32.593	 Left: 1.0 Right: 4.0
05.23.11.17.32.843	 Left: 1.0 Right: 4.0
05.23.11.17.33.093	 Left: 1.0 Right: 4.0
05.23.11.17.33.344	 Left: 1.0 Right: 1.0
05.23.11.17.33.594	 Left: 1.0 Right: 1.0
05.23.11.17.33.845	 Left: 1.0 Right: 1.0
05.23.11.17.34.095	 Left: 1.0 Right: 1.0
05.23.11.17.34.345	 Left: 1.0 Right: 1.0
05.23.11.17.34.595	 Left: 1.0 Right: 1.0
05.23.11.17.34.846	 Left: 1.0 Right: 1.0
05.23.11.17.35.096	 Left: 1.0 Right: 1.0
05.23.11.17.35.346	 Left: 1.0 Right: 1.0
05.23.11.17.35.596	 Left: 1.0 Right: 1.0
05.23.11.17.35.847	 Left: 1.0 Right: 1.0
05.23.11.17.36.097	 Left: 1.0 Right: 1.0
05.23.11.17.36.348	 Left: 1.0 Right: 1.0
05.23.11.17.36.598	 Left: 1.0 Right: 1.0
05.23.11.17.36.849	 Left: 1.0 Right: 1.0
05.23.11.17.37.099	 Left: 1.0 Right: 1.0
05.23.11.17.37.350	 Left: 1.0 Right: 1.0
05.23.11.17.37.600	 Left: 1.0 Right: 1.0
05.23.11.17.37.851	 Left: 1.0 Right: 3.0
05.23.11.17.38.101	 Left: 1.0 Right: 1.0
05.23.11.17.38.351	 Left: 1.0 Right: 3.0
05.23.11.17.38.601	 Left: 1.0 Right: 3.0
05.23.11.17.38.851	 Left: 1.0 Right: 1.0
05.23.11.17.39.102	 Left: 1.0 Right: 3.0
05.23.11.17.39.352	 Left: 1.0 Right: 1.0
05.23.11.17.39.603	 Left: 1.0 Right: 1.0
05.23.11.17.39.854	 Left: 1.0 Right: 1.0
05.23.11.17.40.105	 Left: 1.0 Right: 1.0
05.23.11.17.40.355	 Left: 1.0 Right: 1.0
05.23.11.17.40.606	 Left: 1.0 Right: 1.0
05.23.11.17.40.857	 Left: 1.0 Right: 1.0
05.23.11.17.41.107	 Left: 1.0 Right: 1.0
05.23.11.17.41.358	 Left: 1.0 Right: 1.0
05.23.11.17.41.608	 Left: 1.0 Right: 1.0
05.23.11.17.41.859	 Left: 1.0 Right: 1.0
05.23.11.17.42.109	 Left: 1.0 Right: 1.0
05.23.11.17.42.360	 Left: 1.0 Right: 1.0
05.23.11.17.42.610	 Left: 1.0 Right: 1.0
05.23.11.17.42.861	 Left: 1.0 Right: 1.0
05.23.11.17.43.111	 Left: 1.0 Right: 1.0
05.23.11.17.43.361	 Left: 1.0 Right: 1.0
05.23.11.17.43.612	 Left: 1.0 Right: 1.0
05.23.11.17.43.862	 Left: 1.0 Right: 1.0
05.23.11.17.44.112	 Left: 1.0 Right: 1.0
05.23.11.17.44.363	 Left: 1.0 Right: 1.0
05.23.11.17.44.615	 Left: 1.0 Right: 1.0
05.23.11.17.44.866	 Left: 1.0 Right: 1.0
05.23.11.17.45.115	 Left: 1.0 Right: 1.0
05.23.11.17.45.366	 Left: 1.0 Right: 1.0
05.23.11.17.45.615	 Left: 1.0 Right: 1.0
05.23.11.17.45.866	 Left: 1.0 Right: 1.0
05.23.11.17.46.117	 Left: 1.0 Right: 1.0
05.23.11.17.46.366	 Left: 1.0 Right: 1.0
05.23.11.17.46.616	 Left: 1.0 Right: 1.0
05.23.11.17.46.868	 Left: 1.0 Right: 1.0
05.23.11.17.47.117	 Left: 1.0 Right: 1.0
05.23.11.17.47.368	 Left: 1.0 Right: 1.0
05.23.11.17.47.618	 Left: 1.0 Right: 1.0
05.23.11.17.47.869	 Left: 1.0 Right: 1.0
05.23.11.17.48.119	 Left: 1.0 Right: 1.0
05.23.11.17.48.369	 Left: 1.0 Right: 1.0
05.23.11.17.48.620	 Left: 1.0 Right: 1.0
05.23.11.17.48.871	 Left: 1.0 Right: 1.0
05.23.11.17.49.121	 Left: 1.0 Right: 1.0
05.23.11.17.49.372	 Left: 1.0 Right: 1.0
05.23.11.17.49.623	 Left: 1.0 Right: 1.0
05.23.11.17.49.873	 Left: 1.0 Right: 1.0
05.23.11.17.50.123	 Left: 1.0 Right: 1.0
05.23.11.17.50.373	 Left: 1.0 Right: 1.0
05.23.11.17.50.624	 Left: 1.0 Right: 1.0
05.23.11.17.50.874	 Left: 1.0 Right: 1.0
05.23.11.17.51.124	 Left: 1.0 Right: 1.0
05.23.11.17.51.375	 Left: 2.0 Right: 1.0
05.23.11.17.51.626	 Left: 2.0 Right: 1.0
05.23.11.17.51.876	 Left: 2.0 Right: 1.0
05.23.11.17.52.126	 Left: 2.0 Right: 1.0
05.23.11.17.52.376	 Left: 2.0 Right: 1.0
05.23.11.17.52.626	 Left: 2.0 Right: 1.0
05.23.11.17.52.877	 Left: 2.0 Right: 1.0
05.23.11.17.53.127	 Left: 2.0 Right: 1.0
05.23.11.17.53.377	 Left: 2.0 Right: 1.0
05.23.11.17.53.628	 Left: 2.0 Right: 1.0
05.23.11.17.53.878	 Left: 2.0 Right: 1.0
05.23.11.17.54.128	 Left: 2.0 Right: 1.0
05.23.11.17.54.379	 Left: 2.0 Right: 1.0
05.23.11.17.54.629	 Left: 2.0 Right: 1.0
05.23.11.17.54.880	 Left: 2.0 Right: 1.0
05.23.11.17.55.130	 Left: 2.0 Right: 1.0
05.23.11.17.55.381	 Left: 2.0 Right: 1.0
05.23.11.17.55.632	 Left: 2.0 Right: 1.0
05.23.11.17.55.882	 Left: 2.0 Right: 1.0
05.23.11.17.56.132	 Left: 2.0 Right: 1.0
05.23.11.17.56.383	 Left: 2.0 Right: 1.0
05.23.11.17.56.634	 Left: 2.0 Right: 1.0
05.23.11.17.56.884	 Left: 2.0 Right: 1.0
05.23.11.17.57.135	 Left: 2.0 Right: 1.0
05.23.11.17.57.385	 Left: 2.0 Right: 1.0
05.23.11.17.57.635	 Left: 2.0 Right: 1.0
05.23.11.17.57.885	 Left: 2.0 Right: 1.0
05.23.11.17.58.136	 Left: 2.0 Right: 1.0
05.23.11.17.58.387	 Left: 2.0 Right: 1.0
05.23.11.17.58.637	 Left: 2.0 Right: 1.0
05.23.11.17.58.887	 Left: 2.0 Right: 1.0
05.23.11.17.59.137	 Left: 2.0 Right: 1.0
05.23.11.17.59.388	 Left: 2.0 Right: 1.0
05.23.11.17.59.638	 Left: 2.0 Right: 1.0
05.23.11.17.59.888	 Left: 2.0 Right: 1.0
05.23.11.18.00.139	 Left: 2.0 Right: 1.0
05.23.11.18.00.389	 Left: 2.0 Right: 1.0
05.23.11.18.00.640	 Left: 2.0 Right: 1.0
05.23.11.18.00.892	 Left: 2.0 Right: 1.0
05.23.11.18.01.142	 Left: 2.0 Right: 1.0
05.23.11.18.01.394	 Left: 2.0 Right: 1.0
05.23.11.18.01.644	 Left: 2.0 Right: 1.0
05.23.11.18.01.894	 Left: 2.0 Right: 1.0
05.23.11.18.02.144	 Left: 1.0 Right: 1.0
05.23.11.18.02.395	 Left: 1.0 Right: 1.0
05.23.11.18.02.645	 Left: 1.0 Right: 1.0
05.23.11.18.02.895	 Left: 1.0 Right: 1.0
05.23.11.18.03.145	 Left: 1.0 Right: 1.0
05.23.11.18.03.396	 Left: 1.0 Right: 1.0
05.23.11.18.03.646	 Left: 1.0 Right: 1.0
05.23.11.18.03.896	 Left: 1.0 Right: 1.0
05.23.11.18.04.146	 Left: 1.0 Right: 1.0
05.23.11.18.04.396	 Left: 1.0 Right: 3.0
05.23.11.18.04.647	 Left: 1.0 Right: 3.0
05.23.11.18.04.897	 Left: 1.0 Right: 3.0
05.23.11.18.05.147	 Left: 1.0 Right: 3.0
05.23.11.18.05.398	 Left: 1.0 Right: 3.0
05.23.11.18.05.648	 Left: 1.0 Right: 3.0
05.23.11.18.05.899	 Left: 1.0 Right: 3.0
05.23.11.18.06.149	 Left: 1.0 Right: 3.0
05.23.11.18.06.399	 Left: 1.0 Right: 3.0
05.23.11.18.06.650	 Left: 1.0 Right: 3.0
05.23.11.18.06.900	 Left: 1.0 Right: 3.0
05.23.11.18.07.152	 Left: 1.0 Right: 1.0
05.23.11.18.07.402	 Left: 1.0 Right: 1.0
05.23.11.18.07.652	 Left: 1.0 Right: 1.0
05.23.11.18.07.902	 Left: 1.0 Right: 1.0
05.23.11.18.08.152	 Left: 1.0 Right: 1.0
05.23.11.18.08.403	 Left: 1.0 Right: 1.0
05.23.11.18.08.653	 Left: 1.0 Right: 1.0
05.23.11.18.08.904	 Left: 1.0 Right: 1.0
05.23.11.18.09.154	 Left: 1.0 Right: 1.0
05.23.11.18.09.405	 Left: 1.0 Right: 1.0
05.23.11.18.09.655	 Left: 1.0 Right: 1.0
05.23.11.18.09.906	 Left: 1.0 Right: 1.0
05.23.11.18.10.156	 Left: 1.0 Right: 1.0
05.23.11.18.10.406	 Left: 1.0 Right: 2.0
05.23.11.18.10.657	 Left: 1.0 Right: 4.0
05.23.11.18.10.907	 Left: 1.0 Right: 4.0
05.23.11.18.11.157	 Left: 1.0 Right: 4.0
05.23.11.18.11.407	 Left: 1.0 Right: 4.0
05.23.11.18.11.657	 Left: 1.0 Right: 4.0
05.23.11.18.11.908	 Left: 1.0 Right: 4.0
05.23.11.18.12.158	 Left: 1.0 Right: 4.0
05.23.11.18.12.409	 Left: 1.0 Right: 4.0
05.23.11.18.12.659	 Left: 1.0 Right: 4.0
05.23.11.18.12.909	 Left: 1.0 Right: 4.0
05.23.11.18.13.160	 Left: 1.0 Right: 3.0
05.23.11.18.13.410	 Left: 1.0 Right: 4.0
05.23.11.18.13.660	 Left: 1.0 Right: 4.0
05.23.11.18.13.910	 Left: 1.0 Right: 4.0
05.23.11.18.14.160	 Left: 1.0 Right: 4.0
05.23.11.18.14.410	 Left: 1.0 Right: 4.0
05.23.11.18.14.661	 Left: 1.0 Right: 4.0
05.23.11.18.14.911	 Left: 1.0 Right: 4.0
05.23.11.18.15.162	 Left: 1.0 Right: 4.0
05.23.11.18.15.412	 Left: 1.0 Right: 4.0
05.23.11.18.15.662	 Left: 1.0 Right: 3.0
05.23.11.18.15.912	 Left: 1.0 Right: 3.0
05.23.11.18.16.163	 Left: 1.0 Right: 3.0
05.23.11.18.16.413	 Left: 1.0 Right: 3.0
05.23.11.18.16.663	 Left: 1.0 Right: 3.0
05.23.11.18.16.914	 Left: 1.0 Right: 3.0
05.23.11.18.17.164	 Left: 1.0 Right: 3.0
05.23.11.18.17.415	 Left: 1.0 Right: 3.0
05.23.11.18.17.665	 Left: 1.0 Right: 0.0
05.23.11.18.17.915	 Left: 1.0 Right: 1.0
05.23.11.18.18.166	 Left: 1.0 Right: 1.0
05.23.11.18.18.417	 Left: 1.0 Right: 1.0
05.23.11.18.18.667	 Left: 1.0 Right: 1.0
05.23.11.18.18.918	 Left: 1.0 Right: 1.0
05.23.11.18.19.169	 Left: 1.0 Right: 1.0
05.23.11.18.19.420	 Left: 1.0 Right: 1.0
05.23.11.18.19.670	 Left: 1.0 Right: 1.0
05.23.11.18.19.920	 Left: 1.0 Right: 1.0
05.23.11.18.20.171	 Left: 1.0 Right: 1.0
05.23.11.18.20.421	 Left: 1.0 Right: 1.0
05.23.11.18.20.672	 Left: 1.0 Right: 1.0
05.23.11.18.20.922	 Left: 1.0 Right: 1.0
05.23.11.18.21.172	 Left: 1.0 Right: 1.0
05.23.11.18.21.423	 Left: 1.0 Right: 1.0
05.23.11.18.21.673	 Left: 1.0 Right: 1.0
05.23.11.18.21.923	 Left: 1.0 Right: 1.0
05.23.11.18.22.174	 Left: 1.0 Right: 1.0
05.23.11.18.22.425	 Left: 1.0 Right: 1.0
05.23.11.18.22.675	 Left: 1.0 Right: 1.0
05.23.11.18.22.926	 Left: 1.0 Right: 1.0
05.23.11.18.23.177	 Left: 1.0 Right: 1.0
05.23.11.18.23.428	 Left: 1.0 Right: 1.0
05.23.11.18.23.681	 Left: 1.0 Right: 1.0
05.23.11.18.23.930	 Left: 1.0 Right: 1.0
05.23.11.18.24.180	 Left: 1.0 Right: 1.0
05.23.11.18.24.431	 Left: 1.0 Right: 1.0
05.23.11.18.24.682	 Left: 1.0 Right: 1.0
05.23.11.18.24.932	 Left: 1.0 Right: 1.0
05.23.11.18.25.182	 Left: 1.0 Right: 1.0
05.23.11.18.25.432	 Left: 1.0 Right: 1.0
05.23.11.18.25.682	 Left: 1.0 Right: 1.0
05.23.11.18.25.933	 Left: 1.0 Right: 1.0
05.23.11.18.26.183	 Left: 1.0 Right: 0.0
05.23.11.18.26.434	 Left: 1.0 Right: 1.0
05.23.11.18.26.683	 Left: 1.0 Right: 1.0
05.23.11.18.26.934	 Left: 1.0 Right: 1.0
05.23.11.18.27.185	 Left: 1.0 Right: 1.0
05.23.11.18.27.435	 Left: 1.0 Right: 1.0
05.23.11.18.27.685	 Left: 1.0 Right: 1.0
05.23.11.18.27.936	 Left: 1.0 Right: 1.0
05.23.11.18.28.187	 Left: 1.0 Right: 3.0
05.23.11.18.28.438	 Left: 1.0 Right: 3.0
05.23.11.18.28.689	 Left: 1.0 Right: 3.0
05.23.11.18.28.939	 Left: 1.0 Right: 3.0
05.23.11.18.29.190	 Left: 1.0 Right: -1.0
05.23.11.18.29.440	 Left: 1.0 Right: -1.0
05.23.11.18.29.690	 Left: 1.0 Right: -1.0
05.23.11.18.29.941	 Left: 1.0 Right: -1.0
05.23.11.18.30.191	 Left: 1.0 Right: -1.0
05.23.11.18.30.442	 Left: 1.0 Right: -1.0
05.23.11.18.30.692	 Left: 1.0 Right: -1.0
05.23.11.18.30.943	 Left: 1.0 Right: -1.0
05.23.11.18.31.194	 Left: 1.0 Right: -1.0
05.23.11.18.31.444	 Left: 1.0 Right: -1.0
05.23.11.18.31.694	 Left: 1.0 Right: -1.0
05.23.11.18.31.944	 Left: 1.0 Right: -1.0
05.23.11.18.32.195	 Left: 1.0 Right: -1.0
05.23.11.18.32.445	 Left: 1.0 Right: -1.0
05.23.11.18.32.695	 Left: 1.0 Right: -1.0
05.23.11.18.32.945	 Left: 1.0 Right: -1.0
05.23.11.18.33.195	 Left: 1.0 Right: -1.0
05.23.11.18.33.446	 Left: 1.0 Right: -1.0
05.23.11.18.33.696	 Left: 1.0 Right: -1.0
05.23.11.18.33.947	 Left: 1.0 Right: -1.0
05.23.11.18.34.197	 Left: 1.0 Right: -1.0
05.23.11.18.34.448	 Left: 1.0 Right: 2.0
05.23.11.18.34.699	 Left: 1.0 Right: 2.0
05.23.11.18.34.949	 Left: 1.0 Right: 1.0
05.23.11.18.35.200	 Left: 1.0 Right: 1.0
05.23.11.18.35.450	 Left: 1.0 Right: 1.0
05.23.11.18.35.700	 Left: 1.0 Right: 1.0
05.23.11.18.35.951	 Left: 1.0 Right: 1.0
05.23.11.18.36.201	 Left: 1.0 Right: 1.0
05.23.11.18.36.451	 Left: 1.0 Right: 1.0
05.23.11.18.36.702	 Left: 1.0 Right: 1.0
05.23.11.18.36.952	 Left: 1.0 Right: 1.0
05.23.11.18.37.203	 Left: 1.0 Right: 1.0
05.23.11.18.37.454	 Left: 1.0 Right: 1.0
05.23.11.18.37.704	 Left: 1.0 Right: 1.0
05.23.11.18.37.955	 Left: 1.0 Right: 0.0
05.23.11.18.38.205	 Left: 1.0 Right: 1.0
05.23.11.18.38.455	 Left: 1.0 Right: 1.0
05.23.11.18.38.705	 Left: 1.0 Right: 1.0
05.23.11.18.38.955	 Left: 1.0 Right: 1.0
05.23.11.18.39.205	 Left: 1.0 Right: 1.0
05.23.11.18.39.456	 Left: 1.0 Right: 1.0
05.23.11.18.39.706	 Left: 1.0 Right: 1.0
05.23.11.18.39.956	 Left: 1.0 Right: 1.0
05.23.11.18.40.206	 Left: 1.0 Right: 1.0
05.23.11.18.40.457	 Left: 1.0 Right: 1.0
05.23.11.18.40.707	 Left: 1.0 Right: 1.0
05.23.11.18.40.958	 Left: 1.0 Right: 1.0
05.23.11.18.41.209	 Left: 1.0 Right: 1.0
05.23.11.18.41.460	 Left: 1.0 Right: 1.0
05.23.11.18.41.710	 Left: 1.0 Right: 1.0
05.23.11.18.41.960	 Left: 1.0 Right: 1.0
05.23.11.18.42.211	 Left: 1.0 Right: 1.0
05.23.11.18.42.461	 Left: 1.0 Right: 1.0
05.23.11.18.42.711	 Left: 1.0 Right: 1.0
05.23.11.18.42.961	 Left: 1.0 Right: 1.0
05.23.11.18.43.211	 Left: 1.0 Right: 1.0
05.23.11.18.43.462	 Left: 1.0 Right: 1.0
05.23.11.18.43.712	 Left: -1.0 Right: 1.0
05.23.11.18.43.963	 Left: -1.0 Right: 1.0
05.23.11.18.44.213	 Left: 1.0 Right: 1.0
05.23.11.18.44.463	 Left: 1.0 Right: 1.0
05.23.11.18.44.713	 Left: 1.0 Right: 1.0
05.23.11.18.44.965	 Left: 1.0 Right: 1.0
05.23.11.18.45.215	 Left: 1.0 Right: 1.0
05.23.11.18.45.466	 Left: 1.0 Right: 1.0
05.23.11.18.45.716	 Left: 1.0 Right: 1.0
05.23.11.18.45.966	 Left: 1.0 Right: 1.0
05.23.11.18.46.216	 Left: 1.0 Right: 1.0
05.23.11.18.46.466	 Left: 1.0 Right: 1.0
05.23.11.18.46.717	 Left: 1.0 Right: 1.0
05.23.11.18.46.967	 Left: 1.0 Right: 1.0
05.23.11.18.47.217	 Left: 1.0 Right: 1.0
05.23.11.18.47.467	 Left: 1.0 Right: 1.0
05.23.11.18.47.717	 Left: 1.0 Right: 1.0
05.23.11.18.47.967	 Left: 1.0 Right: 1.0
05.23.11.18.48.218	 Left: 1.0 Right: 1.0
05.23.11.18.48.469	 Left: 1.0 Right: 1.0
05.23.11.18.48.720	 Left: 1.0 Right: 1.0
05.23.11.18.48.970	 Left: 1.0 Right: 1.0
05.23.11.18.49.220	 Left: 1.0 Right: 1.0
05.23.11.18.49.470	 Left: 1.0 Right: 1.0
05.23.11.18.49.720	 Left: 1.0 Right: 4.0
05.23.11.18.49.970	 Left: 1.0 Right: 4.0
05.23.11.18.50.221	 Left: 1.0 Right: 4.0
05.23.11.18.50.471	 Left: 1.0 Right: 4.0
05.23.11.18.50.722	 Left: 1.0 Right: 4.0
05.23.11.18.50.972	 Left: 1.0 Right: 3.0
05.23.11.18.51.222	 Left: 1.0 Right: 4.0
05.23.11.18.51.473	 Left: 1.0 Right: 4.0
05.23.11.18.51.723	 Left: 1.0 Right: 4.0
05.23.11.18.51.973	 Left: 1.0 Right: 4.0
05.23.11.18.52.224	 Left: 1.0 Right: 4.0
05.23.11.18.52.474	 Left: 1.0 Right: 4.0
05.23.11.18.52.724	 Left: 1.0 Right: 4.0
05.23.11.18.52.974	 Left: 1.0 Right: 4.0
05.23.11.18.53.226	 Left: 1.0 Right: 4.0
05.23.11.18.53.476	 Left: 1.0 Right: 4.0
05.23.11.18.53.726	 Left: 1.0 Right: 4.0
05.23.11.18.53.977	 Left: 1.0 Right: 4.0
05.23.11.18.54.227	 Left: 1.0 Right: 4.0
05.23.11.18.54.478	 Left: 1.0 Right: 4.0
05.23.11.18.54.728	 Left: 1.0 Right: 4.0
05.23.11.18.54.979	 Left: 1.0 Right: 4.0
05.23.11.18.55.229	 Left: 1.0 Right: 4.0
05.23.11.18.55.479	 Left: 1.0 Right: 4.0
05.23.11.18.55.730	 Left: 1.0 Right: 4.0
05.23.11.18.55.980	 Left: 1.0 Right: 4.0
05.23.11.18.56.230	 Left: 1.0 Right: 4.0
05.23.11.18.56.480	 Left: 1.0 Right: 4.0
05.23.11.18.56.731	 Left: 1.0 Right: 4.0
05.23.11.18.56.981	 Left: 1.0 Right: 4.0
05.23.11.18.57.232	 Left: 1.0 Right: 3.0
05.23.11.18.57.483	 Left: 1.0 Right: 3.0
05.23.11.18.57.734	 Left: 1.0 Right: 3.0
05.23.11.18.57.984	 Left: 1.0 Right: 3.0
05.23.11.18.58.235	 Left: 1.0 Right: 3.0
05.23.11.18.58.485	 Left: 1.0 Right: 3.0
05.23.11.18.58.736	 Left: 1.0 Right: 3.0
05.23.11.18.58.986	 Left: 1.0 Right: 3.0
05.23.11.18.59.237	 Left: 1.0 Right: 3.0
05.23.11.18.59.488	 Left: 1.0 Right: 3.0
05.23.11.18.59.738	 Left: 1.0 Right: 3.0
05.23.11.18.59.988	 Left: 1.0 Right: 3.0
05.23.11.19.00.239	 Left: 1.0 Right: 3.0
05.23.11.19.00.490	 Left: 1.0 Right: 3.0
05.23.11.19.00.741	 Left: 1.0 Right: 3.0
05.23.11.19.00.991	 Left: 1.0 Right: 3.0
05.23.11.19.01.241	 Left: 1.0 Right: 3.0
05.23.11.19.01.492	 Left: 1.0 Right: 3.0
05.23.11.19.01.744	 Left: 1.0 Right: 3.0
05.23.11.19.01.995	 Left: 1.0 Right: 3.0
05.23.11.19.02.245	 Left: 1.0 Right: -1.0
05.23.11.19.02.495	 Left: 1.0 Right: -1.0
05.23.11.19.02.746	 Left: 1.0 Right: -1.0
05.23.11.19.02.996	 Left: 1.0 Right: -1.0
05.23.11.19.03.246	 Left: 1.0 Right: -1.0
05.23.11.19.03.496	 Left: 1.0 Right: -1.0
05.23.11.19.03.747	 Left: 1.0 Right: -1.0
05.23.11.19.03.997	 Left: 1.0 Right: -1.0
05.23.11.19.04.247	 Left: 1.0 Right: -1.0
05.23.11.19.04.498	 Left: 1.0 Right: -1.0
05.23.11.19.04.748	 Left: 1.0 Right: -1.0
05.23.11.19.04.999	 Left: 1.0 Right: -1.0
05.23.11.19.05.250	 Left: 1.0 Right: -1.0
05.23.11.19.05.500	 Left: 1.0 Right: -1.0
05.23.11.19.05.751	 Left: 1.0 Right: -1.0
05.23.11.19.06.001	 Left: 1.0 Right: -1.0
05.23.11.19.06.252	 Left: 1.0 Right: -1.0
05.23.11.19.06.502	 Left: 1.0 Right: -1.0
05.23.11.19.06.752	 Left: 1.0 Right: -1.0
05.23.11.19.07.003	 Left: 1.0 Right: -1.0
05.23.11.19.07.253	 Left: 1.0 Right: -1.0
05.23.11.19.07.503	 Left: 1.0 Right: -1.0
05.23.11.19.07.755	 Left: 1.0 Right: 0.0
05.23.11.19.08.005	 Left: 1.0 Right: 1.0
05.23.11.19.08.255	 Left: 1.0 Right: 1.0
05.23.11.19.08.506	 Left: 1.0 Right: 1.0
05.23.11.19.08.756	 Left: 1.0 Right: 1.0
05.23.11.19.09.007	 Left: 1.0 Right: 1.0
05.23.11.19.09.257	 Left: 1.0 Right: 1.0
05.23.11.19.09.507	 Left: 1.0 Right: 1.0
05.23.11.19.09.757	 Left: 1.0 Right: 0.0
05.23.11.19.10.007	 Left: 1.0 Right: 1.0
05.23.11.19.10.257	 Left: 1.0 Right: 1.0
05.23.11.19.10.508	 Left: 1.0 Right: 1.0
05.23.11.19.10.759	 Left: 1.0 Right: 2.0
05.23.11.19.11.009	 Left: 1.0 Right: 1.0
05.23.11.19.11.259	 Left: 1.0 Right: 1.0
05.23.11.19.11.510	 Left: 1.0 Right: 1.0
05.23.11.19.11.760	 Left: 1.0 Right: 1.0
05.23.11.19.12.010	 Left: 1.0 Right: 1.0
05.23.11.19.12.260	 Left: 1.0 Right: 1.0
05.23.11.19.12.510	 Left: 1.0 Right: 1.0
05.23.11.19.12.761	 Left: 1.0 Right: 0.0
05.23.11.19.13.012	 Left: 1.0 Right: 0.0
05.23.11.19.13.263	 Left: 1.0 Right: 0.0
05.23.11.19.13.513	 Left: 1.0 Right: 0.0
05.23.11.19.13.763	 Left: 1.0 Right: 0.0
05.23.11.19.14.014	 Left: 1.0 Right: 1.0
05.23.11.19.14.264	 Left: 1.0 Right: 1.0
05.23.11.19.14.515	 Left: 1.0 Right: 1.0
05.23.11.19.14.765	 Left: 1.0 Right: 1.0
05.23.11.19.15.015	 Left: 1.0 Right: 1.0
05.23.11.19.15.265	 Left: 1.0 Right: 1.0
05.23.11.19.15.516	 Left: 1.0 Right: 1.0
05.23.11.19.15.767	 Left: 1.0 Right: 1.0
05.23.11.19.16.018	 Left: 1.0 Right: 1.0
05.23.11.19.16.268	 Left: 1.0 Right: 1.0
05.23.11.19.16.519	 Left: 1.0 Right: 1.0
05.23.11.19.16.769	 Left: 1.0 Right: 2.0
05.23.11.19.17.019	 Left: 1.0 Right: 2.0
05.23.11.19.17.270	 Left: 1.0 Right: 2.0
05.23.11.19.17.520	 Left: 1.0 Right: 1.0
05.23.11.19.17.770	 Left: 1.0 Right: 1.0
05.23.11.19.18.020	 Left: 1.0 Right: 1.0
05.23.11.19.18.271	 Left: 1.0 Right: 1.0
05.23.11.19.18.521	 Left: 1.0 Right: 1.0
05.23.11.19.18.771	 Left: 1.0 Right: 1.0
05.23.11.19.19.022	 Left: 1.0 Right: 1.0
05.23.11.19.19.272	 Left: 1.0 Right: 1.0
05.23.11.19.19.522	 Left: 1.0 Right: 1.0
05.23.11.19.19.772	 Left: 1.0 Right: 1.0
05.23.11.19.20.023	 Left: 1.0 Right: 1.0
05.23.11.19.20.273	 Left: 1.0 Right: 1.0
05.23.11.19.20.523	 Left: 1.0 Right: 0.0
05.23.11.19.20.774	 Left: 1.0 Right: 4.0
05.23.11.19.21.024	 Left: 1.0 Right: 4.0
05.23.11.19.21.274	 Left: 1.0 Right: 4.0
05.23.11.19.21.525	 Left: 1.0 Right: 4.0
05.23.11.19.21.775	 Left: 1.0 Right: 4.0
05.23.11.19.22.026	 Left: 1.0 Right: 4.0
05.23.11.19.22.276	 Left: 1.0 Right: 4.0
05.23.11.19.22.527	 Left: 1.0 Right: 4.0
05.23.11.19.22.777	 Left: 1.0 Right: 4.0
05.23.11.19.23.027	 Left: 1.0 Right: 4.0
05.23.11.19.23.278	 Left: 1.0 Right: 4.0
05.23.11.19.23.528	 Left: 1.0 Right: 4.0
05.23.11.19.23.779	 Left: 1.0 Right: 4.0
05.23.11.19.24.029	 Left: 1.0 Right: 3.0
05.23.11.19.24.280	 Left: 1.0 Right: 3.0
05.23.11.19.24.530	 Left: 1.0 Right: 3.0
05.23.11.19.24.781	 Left: 1.0 Right: 3.0
05.23.11.19.25.032	 Left: 1.0 Right: 4.0
05.23.11.19.25.282	 Left: 1.0 Right: 4.0
05.23.11.19.25.532	 Left: 1.0 Right: 2.0
05.23.11.19.25.783	 Left: 1.0 Right: 2.0
05.23.11.19.26.033	 Left: 1.0 Right: 2.0
05.23.11.19.26.284	 Left: 1.0 Right: 2.0
05.23.11.19.26.534	 Left: 1.0 Right: 2.0
05.23.11.19.26.785	 Left: 1.0 Right: 2.0
05.23.11.19.27.035	 Left: 1.0 Right: 2.0
05.23.11.19.27.286	 Left: 1.0 Right: 2.0
05.23.11.19.27.536	 Left: 1.0 Right: 2.0
05.23.11.19.27.786	 Left: 1.0 Right: 2.0
05.23.11.19.28.036	 Left: 1.0 Right: 2.0
05.23.11.19.28.287	 Left: 1.0 Right: 2.0
05.23.11.19.28.537	 Left: 1.0 Right: 2.0
05.23.11.19.28.787	 Left: 1.0 Right: 2.0
05.23.11.19.29.037	 Left: 1.0 Right: 2.0
05.23.11.19.29.287	 Left: 1.0 Right: 2.0
05.23.11.19.29.538	 Left: 1.0 Right: 2.0
05.23.11.19.29.788	 Left: 1.0 Right: 2.0
05.23.11.19.30.039	 Left: 1.0 Right: 2.0
05.23.11.19.30.289	 Left: 1.0 Right: 2.0
05.23.11.19.30.540	 Left: 1.0 Right: 2.0
05.23.11.19.30.790	 Left: 1.0 Right: 1.0
05.23.11.19.31.041	 Left: 1.0 Right: 2.0
05.23.11.19.31.292	 Left: 1.0 Right: 1.0
05.23.11.19.31.542	 Left: 1.0 Right: 1.0
05.23.11.19.31.792	 Left: 1.0 Right: 1.0
05.23.11.19.32.043	 Left: 1.0 Right: 1.0
05.23.11.19.32.293	 Left: 1.0 Right: 1.0
05.23.11.19.32.543	 Left: 1.0 Right: 1.0
05.23.11.19.32.794	 Left: 1.0 Right: 1.0
05.23.11.19.33.044	 Left: 1.0 Right: 1.0
05.23.11.19.33.294	 Left: 1.0 Right: 1.0
05.23.11.19.33.546	 Left: 1.0 Right: 1.0
05.23.11.19.33.796	 Left: 1.0 Right: 1.0
05.23.11.19.34.046	 Left: 1.0 Right: 1.0
05.23.11.19.34.296	 Left: 1.0 Right: 1.0
05.23.11.19.34.547	 Left: 1.0 Right: 1.0
05.23.11.19.34.797	 Left: 1.0 Right: 1.0
05.23.11.19.35.048	 Left: 1.0 Right: 1.0
05.23.11.19.35.298	 Left: 1.0 Right: 1.0
05.23.11.19.35.548	 Left: 1.0 Right: 1.0
05.23.11.19.35.799	 Left: 1.0 Right: 1.0
05.23.11.19.36.050	 Left: 1.0 Right: 1.0
05.23.11.19.36.300	 Left: 1.0 Right: 1.0
05.23.11.19.36.551	 Left: 1.0 Right: 1.0
05.23.11.19.36.801	 Left: 1.0 Right: 1.0
05.23.11.19.37.052	 Left: 1.0 Right: 1.0
05.23.11.19.37.302	 Left: 1.0 Right: 1.0
05.23.11.19.37.553	 Left: 1.0 Right: 1.0
05.23.11.19.37.804	 Left: 1.0 Right: 1.0
05.23.11.19.38.057	 Left: 1.0 Right: 1.0
05.23.11.19.38.307	 Left: 1.0 Right: 1.0
05.23.11.19.38.557	 Left: 1.0 Right: 1.0
05.23.11.19.38.808	 Left: 1.0 Right: 1.0
05.23.11.19.39.058	 Left: 1.0 Right: 1.0
05.23.11.19.39.308	 Left: 1.0 Right: 1.0
05.23.11.19.39.559	 Left: 1.0 Right: 1.0
05.23.11.19.39.809	 Left: 1.0 Right: 1.0
05.23.11.19.40.059	 Left: 1.0 Right: 1.0
05.23.11.19.40.310	 Left: 1.0 Right: 1.0
05.23.11.19.40.560	 Left: 1.0 Right: 1.0
05.23.11.19.40.811	 Left: 2.0 Right: 1.0
05.23.11.19.41.061	 Left: 0.0 Right: 1.0
05.23.11.19.41.311	 Left: 0.0 Right: 1.0
05.23.11.19.41.562	 Left: 2.0 Right: 1.0
05.23.11.19.41.813	 Left: 2.0 Right: 1.0
05.23.11.19.42.064	 Left: 2.0 Right: 1.0
05.23.11.19.42.314	 Left: 2.0 Right: 1.0
05.23.11.19.42.564	 Left: 2.0 Right: 1.0
05.23.11.19.42.815	 Left: 2.0 Right: 1.0
05.23.11.19.43.066	 Left: 2.0 Right: 1.0
05.23.11.19.43.316	 Left: 2.0 Right: 1.0
05.23.11.19.43.566	 Left: 2.0 Right: 1.0
05.23.11.19.43.816	 Left: 2.0 Right: 1.0
05.23.11.19.44.067	 Left: 2.0 Right: 1.0
05.23.11.19.44.318	 Left: 2.0 Right: 1.0
05.23.11.19.44.569	 Left: 2.0 Right: 1.0
05.23.11.19.44.820	 Left: 2.0 Right: 0.0
05.23.11.19.45.070	 Left: 2.0 Right: 0.0
05.23.11.19.45.320	 Left: 2.0 Right: 0.0
05.23.11.19.45.570	 Left: 2.0 Right: 1.0
05.23.11.19.45.820	 Left: 2.0 Right: 1.0
05.23.11.19.46.071	 Left: 2.0 Right: 1.0
05.23.11.19.46.321	 Left: 2.0 Right: 1.0
05.23.11.19.46.571	 Left: 2.0 Right: 1.0
05.23.11.19.46.822	 Left: 2.0 Right: 1.0
05.23.11.19.47.072	 Left: 2.0 Right: 1.0
05.23.11.19.47.323	 Left: 2.0 Right: 1.0
05.23.11.19.47.573	 Left: 2.0 Right: 1.0
05.23.11.19.47.824	 Left: 2.0 Right: 1.0
05.23.11.19.48.074	 Left: 2.0 Right: 1.0
05.23.11.19.48.324	 Left: 2.0 Right: 0.0
05.23.11.19.48.575	 Left: 2.0 Right: 2.0
05.23.11.19.48.825	 Left: 2.0 Right: 2.0
05.23.11.19.49.075	 Left: 2.0 Right: 0.0
05.23.11.19.49.326	 Left: 2.0 Right: 1.0
05.23.11.19.49.576	 Left: 2.0 Right: 1.0
05.23.11.19.49.827	 Left: 2.0 Right: 1.0
05.23.11.19.50.077	 Left: 2.0 Right: 1.0
05.23.11.19.50.327	 Left: 2.0 Right: 1.0
05.23.11.19.50.578	 Left: 2.0 Right: 1.0
05.23.11.19.50.828	 Left: 2.0 Right: 1.0
05.23.11.19.51.078	 Left: 2.0 Right: 1.0
05.23.11.19.51.328	 Left: 1.0 Right: 1.0
05.23.11.19.51.579	 Left: 1.0 Right: 1.0
05.23.11.19.51.829	 Left: 1.0 Right: 3.0
05.23.11.19.52.079	 Left: 1.0 Right: 4.0
05.23.11.19.52.329	 Left: 1.0 Right: 3.0
05.23.11.19.52.580	 Left: 1.0 Right: 4.0
05.23.11.19.52.830	 Left: 1.0 Right: 0.0
05.23.11.19.53.080	 Left: 1.0 Right: 4.0
05.23.11.19.53.330	 Left: 1.0 Right: 4.0
05.23.11.19.53.580	 Left: 1.0 Right: 4.0
05.23.11.19.53.831	 Left: 1.0 Right: 3.0
05.23.11.19.54.081	 Left: 1.0 Right: 4.0
05.23.11.19.54.332	 Left: 1.0 Right: 4.0
05.23.11.19.54.582	 Left: 1.0 Right: 4.0
05.23.11.19.54.833	 Left: 1.0 Right: 4.0
05.23.11.19.55.083	 Left: 1.0 Right: 4.0
05.23.11.19.55.334	 Left: 1.0 Right: 4.0
05.23.11.19.55.585	 Left: 1.0 Right: 4.0
05.23.11.19.55.836	 Left: 1.0 Right: 4.0
05.23.11.19.56.086	 Left: 1.0 Right: 4.0
05.23.11.19.56.337	 Left: 1.0 Right: 4.0
05.23.11.19.56.587	 Left: 1.0 Right: 4.0
05.23.11.19.56.837	 Left: 1.0 Right: 4.0
05.23.11.19.57.088	 Left: 1.0 Right: 4.0
05.23.11.19.57.338	 Left: 1.0 Right: 4.0
05.23.11.19.57.588	 Left: 1.0 Right: 4.0
05.23.11.19.57.839	 Left: 1.0 Right: 4.0
05.23.11.19.58.089	 Left: 1.0 Right: 4.0
05.23.11.19.58.339	 Left: 1.0 Right: 4.0
05.23.11.19.58.589	 Left: 1.0 Right: 4.0
05.23.11.19.58.840	 Left: 1.0 Right: 4.0
05.23.11.19.59.090	 Left: 1.0 Right: 4.0
05.23.11.19.59.340	 Left: 1.0 Right: 4.0
05.23.11.19.59.591	 Left: 1.0 Right: 4.0
05.23.11.19.59.841	 Left: 1.0 Right: 4.0
05.23.11.20.00.092	 Left: 1.0 Right: 3.0
05.23.11.20.00.342	 Left: 1.0 Right: 1.0
05.23.11.20.00.593	 Left: 1.0 Right: 1.0
05.23.11.20.00.843	 Left: 1.0 Right: 1.0
05.23.11.20.01.093	 Left: 1.0 Right: 1.0
05.23.11.20.01.344	 Left: 1.0 Right: 1.0
05.23.11.20.01.594	 Left: 1.0 Right: 1.0
05.23.11.20.01.844	 Left: 1.0 Right: 1.0
05.23.11.20.02.094	 Left: 1.0 Right: 0.0
05.23.11.20.02.344	 Left: 1.0 Right: 0.0
05.23.11.20.02.594	 Left: 1.0 Right: 1.0
05.23.11.20.02.845	 Left: 1.0 Right: 1.0
05.23.11.20.03.095	 Left: 1.0 Right: 1.0
05.23.11.20.03.346	 Left: 1.0 Right: 1.0
05.23.11.20.03.597	 Left: 1.0 Right: 1.0
05.23.11.20.03.847	 Left: 1.0 Right: 1.0
05.23.11.20.04.098	 Left: 1.0 Right: 1.0
05.23.11.20.04.349	 Left: 1.0 Right: 1.0
05.23.11.20.04.600	 Left: 1.0 Right: 1.0
05.23.11.20.04.850	 Left: 1.0 Right: 1.0
05.23.11.20.05.100	 Left: 1.0 Right: 1.0
05.23.11.20.05.351	 Left: 1.0 Right: 1.0
05.23.11.20.05.601	 Left: 1.0 Right: 1.0
05.23.11.20.05.851	 Left: 1.0 Right: 1.0
05.23.11.20.06.102	 Left: 1.0 Right: 1.0
05.23.11.20.06.352	 Left: 1.0 Right: 1.0
05.23.11.20.06.602	 Left: 1.0 Right: 1.0
05.23.11.20.06.852	 Left: 1.0 Right: 1.0
05.23.11.20.07.102	 Left: 1.0 Right: 1.0
05.23.11.20.07.353	 Left: 1.0 Right: 1.0
05.23.11.20.07.603	 Left: 1.0 Right: 1.0
05.23.11.20.07.854	 Left: 1.0 Right: 1.0
05.23.11.20.08.104	 Left: 1.0 Right: 1.0
05.23.11.20.08.355	 Left: 1.0 Right: 1.0
05.23.11.20.08.605	 Left: 1.0 Right: 1.0
05.23.11.20.08.855	 Left: 1.0 Right: 1.0
05.23.11.20.09.105	 Left: 1.0 Right: 1.0
05.23.11.20.09.356	 Left: 1.0 Right: 1.0
05.23.11.20.09.606	 Left: 1.0 Right: 1.0
05.23.11.20.09.856	 Left: 1.0 Right: 1.0
05.23.11.20.10.106	 Left: 1.0 Right: 1.0
05.23.11.20.10.356	 Left: 1.0 Right: 1.0
05.23.11.20.10.607	 Left: 1.0 Right: 1.0
05.23.11.20.10.857	 Left: 1.0 Right: 1.0
05.23.11.20.11.107	 Left: 1.0 Right: 1.0
05.23.11.20.11.358	 Left: 1.0 Right: 1.0
05.23.11.20.11.608	 Left: 1.0 Right: 1.0
05.23.11.20.11.858	 Left: 1.0 Right: 1.0
05.23.11.20.12.109	 Left: 1.0 Right: 1.0
05.23.11.20.12.360	 Left: 1.0 Right: 1.0
05.23.11.20.12.610	 Left: 1.0 Right: 1.0
05.23.11.20.12.860	 Left: 1.0 Right: 1.0
05.23.11.20.13.110	 Left: 1.0 Right: 1.0
05.23.11.20.13.361	 Left: 1.0 Right: 1.0
05.23.11.20.13.611	 Left: 1.0 Right: 1.0
05.23.11.20.13.861	 Left: 1.0 Right: 1.0
05.23.11.20.14.111	 Left: 1.0 Right: 1.0
05.23.11.20.14.362	 Left: 1.0 Right: 1.0
05.23.11.20.14.614	 Left: 1.0 Right: 1.0
05.23.11.20.14.865	 Left: 1.0 Right: 1.0
05.23.11.20.15.115	 Left: 1.0 Right: 1.0
05.23.11.20.15.366	 Left: 1.0 Right: 1.0
05.23.11.20.15.616	 Left: 1.0 Right: 1.0
05.23.11.20.15.866	 Left: 1.0 Right: 1.0
05.23.11.20.16.116	 Left: 1.0 Right: 1.0
05.23.11.20.16.366	 Left: 1.0 Right: 1.0
05.23.11.20.16.617	 Left: 1.0 Right: 1.0
05.23.11.20.16.867	 Left: 1.0 Right: 1.0
05.23.11.20.17.118	 Left: 1.0 Right: 1.0
05.23.11.20.17.368	 Left: 1.0 Right: 1.0
05.23.11.20.17.619	 Left: 1.0 Right: 1.0
05.23.11.20.17.869	 Left: 1.0 Right: 1.0
05.23.11.20.18.120	 Left: 1.0 Right: 1.0
05.23.11.20.18.371	 Left: 1.0 Right: 0.0
05.23.11.20.18.621	 Left: 1.0 Right: 0.0
05.23.11.20.18.871	 Left: 1.0 Right: 1.0
05.23.11.20.19.122	 Left: 1.0 Right: 1.0
05.23.11.20.19.375	 Left: 1.0 Right: 1.0
05.23.11.20.19.625	 Left: 1.0 Right: 1.0
05.23.11.20.19.876	 Left: 1.0 Right: 1.0
05.23.11.20.20.126	 Left: 1.0 Right: 1.0
05.23.11.20.20.377	 Left: 1.0 Right: 0.0
05.23.11.20.20.627	 Left: 1.0 Right: 0.0
05.23.11.20.20.877	 Left: 1.0 Right: 0.0
05.23.11.20.21.129	 Left: 1.0 Right: 1.0
05.23.11.20.21.378	 Left: 1.0 Right: 1.0
05.23.11.20.21.628	 Left: 1.0 Right: 1.0
05.23.11.20.21.878	 Left: 1.0 Right: 1.0
05.23.11.20.22.128	 Left: 1.0 Right: 1.0
05.23.11.20.22.378	 Left: 1.0 Right: 0.0
05.23.11.20.22.628	 Left: 1.0 Right: 0.0
05.23.11.20.22.879	 Left: 1.0 Right: 3.0
05.23.11.20.23.129	 Left: 1.0 Right: 3.0
05.23.11.20.23.379	 Left: 1.0 Right: 3.0
05.23.11.20.23.629	 Left: 1.0 Right: 3.0
05.23.11.20.23.879	 Left: 1.0 Right: 3.0
05.23.11.20.24.131	 Left: 1.0 Right: 3.0
05.23.11.20.24.380	 Left: 1.0 Right: 3.0
05.23.11.20.24.630	 Left: 1.0 Right: 3.0
05.23.11.20.24.881	 Left: 1.0 Right: 3.0
05.23.11.20.25.130	 Left: 1.0 Right: 3.0
05.23.11.20.25.383	 Left: 1.0 Right: 0.0
05.23.11.20.25.632	 Left: 1.0 Right: 3.0
05.23.11.20.25.882	 Left: 1.0 Right: 3.0
05.23.11.20.26.133	 Left: 1.0 Right: 3.0
05.23.11.20.26.383	 Left: 1.0 Right: 3.0
05.23.11.20.26.633	 Left: 1.0 Right: 3.0
05.23.11.20.26.883	 Left: 1.0 Right: 3.0
05.23.11.20.27.133	 Left: 1.0 Right: 0.0
05.23.11.20.27.384	 Left: 1.0 Right: 3.0
05.23.11.20.27.634	 Left: 1.0 Right: 3.0
05.23.11.20.27.885	 Left: 1.0 Right: 3.0
05.23.11.20.28.134	 Left: 1.0 Right: 3.0
05.23.11.20.28.385	 Left: 1.0 Right: 0.0
05.23.11.20.28.635	 Left: 1.0 Right: 4.0
05.23.11.20.28.886	 Left: 1.0 Right: 3.0
05.23.11.20.29.136	 Left: 1.0 Right: 3.0
05.23.11.20.29.386	 Left: 1.0 Right: 1.0
05.23.11.20.29.636	 Left: 1.0 Right: 1.0
05.23.11.20.29.887	 Left: 1.0 Right: 1.0
05.23.11.20.30.136	 Left: 1.0 Right: 1.0
05.23.11.20.30.387	 Left: 1.0 Right: 1.0
05.23.11.20.30.637	 Left: 1.0 Right: 1.0
05.23.11.20.30.887	 Left: 1.0 Right: 1.0
05.23.11.20.31.139	 Left: 1.0 Right: 1.0
05.23.11.20.31.388	 Left: 1.0 Right: 1.0
05.23.11.20.31.639	 Left: 1.0 Right: 1.0
05.23.11.20.31.889	 Left: 1.0 Right: 1.0
05.23.11.20.32.139	 Left: 1.0 Right: 1.0
05.23.11.20.32.390	 Left: 1.0 Right: 1.0
05.23.11.20.32.641	 Left: 1.0 Right: 1.0
05.23.11.20.32.891	 Left: 1.0 Right: 1.0
05.23.11.20.33.141	 Left: 1.0 Right: 1.0
05.23.11.20.33.392	 Left: 1.0 Right: 1.0
05.23.11.20.33.642	 Left: 1.0 Right: 1.0
05.23.11.20.33.892	 Left: 1.0 Right: 1.0
05.23.11.20.34.143	 Left: 1.0 Right: 1.0
05.23.11.20.34.393	 Left: -1.0 Right: 1.0
05.23.11.20.34.643	 Left: -1.0 Right: 1.0
05.23.11.20.34.893	 Left: -1.0 Right: 1.0
05.23.11.20.35.144	 Left: -1.0 Right: 1.0
05.23.11.20.35.395	 Left: -1.0 Right: 1.0
05.23.11.20.35.645	 Left: -1.0 Right: 1.0
05.23.11.20.35.895	 Left: -1.0 Right: 1.0
05.23.11.20.36.146	 Left: 1.0 Right: 1.0
05.23.11.20.36.397	 Left: 1.0 Right: 1.0
05.23.11.20.36.647	 Left: 1.0 Right: 1.0
05.23.11.20.36.897	 Left: 1.0 Right: 1.0
05.23.11.20.37.148	 Left: 1.0 Right: 1.0
05.23.11.20.37.398	 Left: 1.0 Right: 1.0
05.23.11.20.37.648	 Left: 1.0 Right: 1.0
05.23.11.20.37.898	 Left: 1.0 Right: 1.0
05.23.11.20.38.149	 Left: 1.0 Right: 1.0
05.23.11.20.38.399	 Left: 1.0 Right: 1.0
05.23.11.20.38.651	 Left: 1.0 Right: 1.0
05.23.11.20.38.901	 Left: 1.0 Right: 1.0
05.23.11.20.39.152	 Left: 1.0 Right: 1.0
05.23.11.20.39.402	 Left: 1.0 Right: 1.0
05.23.11.20.39.652	 Left: 1.0 Right: 1.0
05.23.11.20.39.902	 Left: 1.0 Right: 1.0
05.23.11.20.40.152	 Left: 1.0 Right: 1.0
05.23.11.20.40.402	 Left: 1.0 Right: 1.0
05.23.11.20.40.653	 Left: 1.0 Right: 1.0
05.23.11.20.40.903	 Left: 1.0 Right: 0.0
05.23.11.20.41.154	 Left: 1.0 Right: 1.0
05.23.11.20.41.405	 Left: 1.0 Right: 1.0
05.23.11.20.41.655	 Left: 1.0 Right: 1.0
05.23.11.20.41.905	 Left: 1.0 Right: 1.0
05.23.11.20.42.155	 Left: 1.0 Right: 1.0
05.23.11.20.42.405	 Left: 1.0 Right: 1.0
05.23.11.20.42.656	 Left: 1.0 Right: 1.0
05.23.11.20.42.906	 Left: 1.0 Right: 1.0
05.23.11.20.43.158	 Left: 1.0 Right: 1.0
05.23.11.20.43.408	 Left: 1.0 Right: 1.0
05.23.11.20.43.658	 Left: 1.0 Right: 1.0
05.23.11.20.43.908	 Left: 1.0 Right: 1.0
05.23.11.20.44.158	 Left: 1.0 Right: 1.0
05.23.11.20.44.409	 Left: 1.0 Right: 1.0
05.23.11.20.44.659	 Left: 1.0 Right: 1.0
05.23.11.20.44.910	 Left: 1.0 Right: 1.0
05.23.11.20.45.161	 Left: 1.0 Right: 1.0
05.23.11.20.45.411	 Left: 1.0 Right: 1.0
05.23.11.20.45.661	 Left: 1.0 Right: 1.0
05.23.11.20.45.912	 Left: 1.0 Right: 1.0
05.23.11.20.46.162	 Left: 1.0 Right: 1.0
05.23.11.20.46.412	 Left: 1.0 Right: 1.0
05.23.11.20.46.662	 Left: 1.0 Right: 1.0
05.23.11.20.46.912	 Left: 1.0 Right: 1.0
05.23.11.20.47.163	 Left: 1.0 Right: 1.0
05.23.11.20.47.414	 Left: 1.0 Right: 1.0
05.23.11.20.47.664	 Left: 1.0 Right: 1.0
05.23.11.20.47.914	 Left: 1.0 Right: 1.0
05.23.11.20.48.164	 Left: 1.0 Right: 1.0
05.23.11.20.48.415	 Left: 1.0 Right: 1.0
05.23.11.20.48.665	 Left: 1.0 Right: 1.0
05.23.11.20.48.916	 Left: 1.0 Right: 1.0
05.23.11.20.49.166	 Left: 1.0 Right: 1.0
05.23.11.20.49.416	 Left: 1.0 Right: 1.0
05.23.11.20.49.666	 Left: 1.0 Right: 1.0
05.23.11.20.49.917	 Left: 1.0 Right: 1.0
05.23.11.20.50.167	 Left: 1.0 Right: 1.0
05.23.11.20.50.417	 Left: 1.0 Right: 1.0
05.23.11.20.50.668	 Left: 1.0 Right: 1.0
05.23.11.20.50.919	 Left: 1.0 Right: 1.0
05.23.11.20.51.169	 Left: 1.0 Right: 1.0
05.23.11.20.51.419	 Left: 1.0 Right: 1.0
05.23.11.20.51.669	 Left: 1.0 Right: 1.0
05.23.11.20.51.920	 Left: 1.0 Right: 3.0
05.23.11.20.52.170	 Left: 1.0 Right: 4.0
05.23.11.20.52.420	 Left: 1.0 Right: 4.0
05.23.11.20.52.670	 Left: 1.0 Right: 4.0
05.23.11.20.52.921	 Left: 1.0 Right: 4.0
05.23.11.20.53.171	 Left: 1.0 Right: 4.0
05.23.11.20.53.421	 Left: 1.0 Right: 4.0
05.23.11.20.53.671	 Left: 1.0 Right: 4.0
05.23.11.20.53.922	 Left: 1.0 Right: 4.0
05.23.11.20.54.172	 Left: 1.0 Right: 4.0
05.23.11.20.54.422	 Left: 1.0 Right: 3.0
05.23.11.20.54.672	 Left: 1.0 Right: 4.0
05.23.11.20.54.922	 Left: 1.0 Right: 4.0
05.23.11.20.55.172	 Left: 1.0 Right: 4.0
05.23.11.20.55.423	 Left: 1.0 Right: 4.0
05.23.11.20.55.673	 Left: 1.0 Right: 4.0
05.23.11.20.55.923	 Left: 1.0 Right: 4.0
05.23.11.20.56.173	 Left: 1.0 Right: 4.0
05.23.11.20.56.423	 Left: 1.0 Right: 0.0
05.23.11.20.56.673	 Left: 1.0 Right: 0.0
05.23.11.20.56.924	 Left: 1.0 Right: 0.0
05.23.11.20.57.174	 Left: 1.0 Right: 4.0
05.23.11.20.57.425	 Left: 1.0 Right: 4.0
05.23.11.20.57.675	 Left: 1.0 Right: 4.0
05.23.11.20.57.925	 Left: 1.0 Right: 4.0
05.23.11.20.58.175	 Left: 1.0 Right: 4.0
05.23.11.20.58.426	 Left: 1.0 Right: 4.0
05.23.11.20.58.676	 Left: 1.0 Right: 3.0
05.23.11.20.58.926	 Left: 1.0 Right: 3.0
05.23.11.20.59.176	 Left: 1.0 Right: 3.0
05.23.11.20.59.427	 Left: 1.0 Right: 3.0
05.23.11.20.59.677	 Left: 1.0 Right: 3.0
05.23.11.20.59.927	 Left: 1.0 Right: 3.0
05.23.11.21.00.177	 Left: 1.0 Right: 3.0
05.23.11.21.00.427	 Left: 1.0 Right: -1.0
05.23.11.21.00.678	 Left: 1.0 Right: -1.0
05.23.11.21.00.929	 Left: 1.0 Right: -1.0
05.23.11.21.01.179	 Left: 1.0 Right: -1.0
05.23.11.21.01.430	 Left: 1.0 Right: -1.0
05.23.11.21.01.680	 Left: 1.0 Right: -1.0
05.23.11.21.01.930	 Left: 1.0 Right: -1.0
05.23.11.21.02.180	 Left: 1.0 Right: -1.0
05.23.11.21.02.430	 Left: 1.0 Right: -1.0
05.23.11.21.02.681	 Left: 1.0 Right: -1.0
05.23.11.21.02.931	 Left: 1.0 Right: -1.0
05.23.11.21.03.181	 Left: 1.0 Right: -1.0
05.23.11.21.03.432	 Left: 1.0 Right: -1.0
05.23.11.21.03.682	 Left: 1.0 Right: -1.0
05.23.11.21.03.932	 Left: 1.0 Right: -1.0
05.23.11.21.04.183	 Left: 1.0 Right: -1.0
05.23.11.21.04.433	 Left: 1.0 Right: -1.0
05.23.11.21.04.683	 Left: 1.0 Right: -1.0
05.23.11.21.04.933	 Left: 1.0 Right: -1.0
05.23.11.21.05.184	 Left: 1.0 Right: -1.0
05.23.11.21.05.434	 Left: 1.0 Right: -1.0
05.23.11.21.05.684	 Left: 1.0 Right: -1.0
05.23.11.21.05.934	 Left: 1.0 Right: -1.0
05.23.11.21.06.185	 Left: 1.0 Right: -1.0
05.23.11.21.06.435	 Left: 1.0 Right: -1.0
05.23.11.21.06.685	 Left: 1.0 Right: -1.0
05.23.11.21.06.935	 Left: 1.0 Right: 1.0
05.23.11.21.07.185	 Left: 1.0 Right: 1.0
05.23.11.21.07.436	 Left: 1.0 Right: 1.0
05.23.11.21.07.686	 Left: 1.0 Right: 0.0
05.23.11.21.07.936	 Left: 1.0 Right: 2.0
05.23.11.21.08.186	 Left: 1.0 Right: 2.0
05.23.11.21.08.436	 Left: 1.0 Right: 2.0
05.23.11.21.08.687	 Left: 1.0 Right: 1.0
05.23.11.21.08.937	 Left: 1.0 Right: 1.0
05.23.11.21.09.188	 Left: 1.0 Right: 1.0
05.23.11.21.09.438	 Left: 1.0 Right: 1.0
05.23.11.21.09.688	 Left: 1.0 Right: 1.0
05.23.11.21.09.939	 Left: 1.0 Right: 1.0
05.23.11.21.10.189	 Left: 1.0 Right: 1.0
05.23.11.21.10.439	 Left: 1.0 Right: 1.0
05.23.11.21.10.690	 Left: 1.0 Right: 1.0
05.23.11.21.10.940	 Left: 1.0 Right: 1.0
05.23.11.21.11.190	 Left: 1.0 Right: 1.0
05.23.11.21.11.440	 Left: 1.0 Right: 3.0
05.23.11.21.11.690	 Left: 1.0 Right: 3.0
05.23.11.21.11.941	 Left: 1.0 Right: 3.0
05.23.11.21.12.191	 Left: 1.0 Right: 3.0
05.23.11.21.12.441	 Left: 1.0 Right: 3.0
05.23.11.21.12.691	 Left: 1.0 Right: 3.0
05.23.11.21.12.942	 Left: 1.0 Right: 3.0
05.23.11.21.13.193	 Left: 1.0 Right: 3.0
05.23.11.21.13.443	 Left: 1.0 Right: 3.0
05.23.11.21.13.694	 Left: 1.0 Right: 3.0
05.23.11.21.13.944	 Left: 1.0 Right: 3.0
05.23.11.21.14.195	 Left: 1.0 Right: 3.0
05.23.11.21.14.445	 Left: 1.0 Right: 1.0
05.23.11.21.14.695	 Left: 1.0 Right: 1.0
05.23.11.21.14.947	 Left: 1.0 Right: 1.0
05.23.11.21.15.197	 Left: 1.0 Right: 1.0
05.23.11.21.15.447	 Left: 1.0 Right: 1.0
05.23.11.21.15.697	 Left: 1.0 Right: 1.0
05.23.11.21.15.947	 Left: 1.0 Right: 1.0
05.23.11.21.16.198	 Left: 1.0 Right: 1.0
05.23.11.21.16.449	 Left: 1.0 Right: 1.0
05.23.11.21.16.700	 Left: 1.0 Right: 3.0
05.23.11.21.16.950	 Left: 1.0 Right: 3.0
05.23.11.21.17.201	 Left: 1.0 Right: 3.0
05.23.11.21.17.451	 Left: 1.0 Right: 3.0
05.23.11.21.17.701	 Left: 1.0 Right: 3.0
05.23.11.21.17.951	 Left: 1.0 Right: 3.0
05.23.11.21.18.202	 Left: 1.0 Right: 3.0
05.23.11.21.18.452	 Left: 1.0 Right: 3.0
05.23.11.21.18.703	 Left: 1.0 Right: 3.0
05.23.11.21.18.953	 Left: 1.0 Right: 3.0
05.23.11.21.19.203	 Left: 1.0 Right: -1.0
05.23.11.21.19.454	 Left: 1.0 Right: -1.0
05.23.11.21.19.704	 Left: 1.0 Right: -1.0
05.23.11.21.19.954	 Left: 1.0 Right: -1.0
05.23.11.21.20.205	 Left: 1.0 Right: -1.0
05.23.11.21.20.455	 Left: 1.0 Right: -1.0
05.23.11.21.20.705	 Left: 1.0 Right: -1.0
05.23.11.21.20.955	 Left: 1.0 Right: -1.0
05.23.11.21.21.205	 Left: 1.0 Right: -1.0
05.23.11.21.21.455	 Left: 1.0 Right: -1.0
05.23.11.21.21.706	 Left: 1.0 Right: -1.0
05.23.11.21.21.956	 Left: 1.0 Right: -1.0
05.23.11.21.22.207	 Left: 1.0 Right: -1.0
05.23.11.21.22.457	 Left: 1.0 Right: -1.0
05.23.11.21.22.707	 Left: 1.0 Right: -1.0
05.23.11.21.22.957	 Left: 1.0 Right: -1.0
05.23.11.21.23.207	 Left: 1.0 Right: -1.0
05.23.11.21.23.457	 Left: 1.0 Right: -1.0
05.23.11.21.23.708	 Left: 1.0 Right: 1.0
05.23.11.21.23.959	 Left: 1.0 Right: 1.0
05.23.11.21.24.209	 Left: 1.0 Right: 1.0
05.23.11.21.24.460	 Left: 1.0 Right: 2.0
05.23.11.21.24.710	 Left: 1.0 Right: 1.0
05.23.11.21.24.960	 Left: 1.0 Right: 2.0
05.23.11.21.25.210	 Left: 1.0 Right: 1.0
05.23.11.21.25.460	 Left: 1.0 Right: 1.0
05.23.11.21.25.711	 Left: 1.0 Right: 1.0
05.23.11.21.25.961	 Left: 1.0 Right: 3.0
05.23.11.21.26.211	 Left: 1.0 Right: 3.0
05.23.11.21.26.461	 Left: 1.0 Right: 3.0
05.23.11.21.26.711	 Left: 1.0 Right: 3.0
05.23.11.21.26.962	 Left: 1.0 Right: 3.0
05.23.11.21.27.213	 Left: 1.0 Right: 1.0
05.23.11.21.27.463	 Left: 1.0 Right: 1.0
05.23.11.21.27.714	 Left: 1.0 Right: 1.0
05.23.11.21.27.965	 Left: 1.0 Right: 1.0
05.23.11.21.28.216	 Left: 1.0 Right: 1.0
05.23.11.21.28.466	 Left: 1.0 Right: 1.0
05.23.11.21.28.716	 Left: 1.0 Right: 1.0
05.23.11.21.28.967	 Left: 1.0 Right: 1.0
05.23.11.21.29.217	 Left: 1.0 Right: 1.0
05.23.11.21.29.469	 Left: 1.0 Right: 1.0
05.23.11.21.29.720	 Left: 1.0 Right: 1.0
05.23.11.21.29.970	 Left: 1.0 Right: 1.0
05.23.11.21.30.220	 Left: 1.0 Right: 1.0
05.23.11.21.30.470	 Left: 1.0 Right: 1.0
05.23.11.21.30.720	 Left: 1.0 Right: 1.0
05.23.11.21.30.971	 Left: 1.0 Right: 1.0
05.23.11.21.31.222	 Left: 1.0 Right: 1.0
05.23.11.21.31.473	 Left: 1.0 Right: 1.0
05.23.11.21.31.723	 Left: 1.0 Right: 1.0
05.23.11.21.31.977	 Left: 1.0 Right: 1.0
05.23.11.21.32.227	 Left: 1.0 Right: 1.0
05.23.11.21.32.477	 Left: 1.0 Right: 1.0
05.23.11.21.32.728	 Left: 1.0 Right: 1.0
05.23.11.21.32.978	 Left: 1.0 Right: 1.0
05.23.11.21.33.228	 Left: 1.0 Right: 2.0
05.23.11.21.33.479	 Left: 1.0 Right: 0.0
05.23.11.21.33.730	 Left: 1.0 Right: 2.0
05.23.11.21.33.980	 Left: 1.0 Right: 2.0
05.23.11.21.34.230	 Left: 1.0 Right: 2.0
05.23.11.21.34.480	 Left: 1.0 Right: 1.0
05.23.11.21.34.730	 Left: 1.0 Right: 1.0
05.23.11.21.34.981	 Left: 1.0 Right: 1.0
05.23.11.21.35.230	 Left: 1.0 Right: 1.0
05.23.11.21.35.480	 Left: 1.0 Right: 1.0
05.23.11.21.35.731	 Left: 1.0 Right: 1.0
05.23.11.21.35.981	 Left: 1.0 Right: 1.0
05.23.11.21.36.232	 Left: 1.0 Right: 1.0
05.23.11.21.36.483	 Left: 1.0 Right: 1.0
05.23.11.21.36.733	 Left: 1.0 Right: 1.0
05.23.11.21.36.983	 Left: 1.0 Right: 1.0
05.23.11.21.37.232	 Left: 1.0 Right: 1.0
05.23.11.21.37.483	 Left: 1.0 Right: 1.0
05.23.11.21.37.734	 Left: 1.0 Right: 1.0
05.23.11.21.37.984	 Left: 1.0 Right: 1.0
05.23.11.21.38.234	 Left: 1.0 Right: 1.0
05.23.11.21.38.484	 Left: 1.0 Right: 1.0
05.23.11.21.38.734	 Left: 1.0 Right: 1.0
05.23.11.21.38.985	 Left: 1.0 Right: 1.0
05.23.11.21.39.235	 Left: 1.0 Right: 1.0
05.23.11.21.39.485	 Left: 1.0 Right: 1.0
05.23.11.21.39.735	 Left: 1.0 Right: 1.0
05.23.11.21.39.985	 Left: 1.0 Right: 1.0
05.23.11.21.40.237	 Left: 1.0 Right: 1.0
05.23.11.21.40.487	 Left: 1.0 Right: 1.0
05.23.11.21.40.737	 Left: 1.0 Right: 1.0
05.23.11.21.40.987	 Left: 1.0 Right: 1.0
05.23.11.21.41.237	 Left: 1.0 Right: 1.0
05.23.11.21.41.488	 Left: 1.0 Right: 1.0
05.23.11.21.41.738	 Left: 1.0 Right: 1.0
05.23.11.21.41.988	 Left: 1.0 Right: 1.0
05.23.11.21.42.239	 Left: 1.0 Right: 1.0
05.23.11.21.42.489	 Left: 1.0 Right: 1.0
05.23.11.21.42.740	 Left: 1.0 Right: 1.0
05.23.11.21.42.991	 Left: 1.0 Right: 1.0
05.23.11.21.43.241	 Left: 1.0 Right: 1.0
05.23.11.21.43.491	 Left: 1.0 Right: 1.0
05.23.11.21.43.741	 Left: 1.0 Right: 1.0
05.23.11.21.43.992	 Left: 1.0 Right: 1.0
05.23.11.21.44.243	 Left: 1.0 Right: 1.0
05.23.11.21.44.493	 Left: 1.0 Right: 1.0
05.23.11.21.44.743	 Left: 1.0 Right: 1.0
05.23.11.21.44.993	 Left: 1.0 Right: 1.0
05.23.11.21.45.245	 Left: 1.0 Right: 1.0
05.23.11.21.45.495	 Left: 1.0 Right: 1.0
05.23.11.21.45.746	 Left: 1.0 Right: 1.0
05.23.11.21.45.996	 Left: 1.0 Right: 1.0
05.23.11.21.46.246	 Left: 1.0 Right: 1.0
05.23.11.21.46.497	 Left: 1.0 Right: 1.0
05.23.11.21.46.747	 Left: 1.0 Right: 1.0
05.23.11.21.46.998	 Left: 1.0 Right: 1.0
05.23.11.21.47.248	 Left: 1.0 Right: 1.0
05.23.11.21.47.498	 Left: 1.0 Right: 1.0
05.23.11.21.47.749	 Left: 1.0 Right: 1.0
05.23.11.21.47.999	 Left: 1.0 Right: 1.0
05.23.11.21.48.250	 Left: 1.0 Right: 1.0
05.23.11.21.48.500	 Left: 1.0 Right: 1.0
05.23.11.21.48.750	 Left: 1.0 Right: 1.0
05.23.11.21.49.001	 Left: 1.0 Right: 1.0
05.23.11.21.49.251	 Left: 1.0 Right: 1.0
05.23.11.21.49.501	 Left: 1.0 Right: 1.0
05.23.11.21.49.752	 Left: 1.0 Right: 1.0
05.23.11.21.50.002	 Left: 1.0 Right: 1.0
05.23.11.21.50.252	 Left: 1.0 Right: 1.0
05.23.11.21.50.503	 Left: 0.0 Right: 1.0
05.23.11.21.50.753	 Left: 1.0 Right: 1.0
05.23.11.21.51.003	 Left: 1.0 Right: 1.0
05.23.11.21.51.254	 Left: 1.0 Right: 1.0
05.23.11.21.51.504	 Left: 1.0 Right: 1.0
05.23.11.21.51.754	 Left: 1.0 Right: 1.0
05.23.11.21.52.005	 Left: 1.0 Right: 1.0
05.23.11.21.52.255	 Left: 1.0 Right: 1.0
05.23.11.21.52.506	 Left: 1.0 Right: 1.0
05.23.11.21.52.756	 Left: 1.0 Right: 1.0
05.23.11.21.53.006	 Left: 0.0 Right: 1.0
05.23.11.21.53.257	 Left: 1.0 Right: 1.0
05.23.11.21.53.507	 Left: 1.0 Right: 1.0
05.23.11.21.53.758	 Left: 1.0 Right: 1.0
05.23.11.21.54.008	 Left: -1.0 Right: 1.0
05.23.11.21.54.258	 Left: -1.0 Right: 1.0
05.23.11.21.54.509	 Left: -1.0 Right: 3.0
05.23.11.21.54.759	 Left: -1.0 Right: 3.0
05.23.11.21.55.009	 Left: -1.0 Right: 3.0
05.23.11.21.55.260	 Left: -1.0 Right: 3.0
05.23.11.21.55.510	 Left: -1.0 Right: 3.0
05.23.11.21.55.760	 Left: -1.0 Right: 0.0
05.23.11.21.56.010	 Left: -1.0 Right: 0.0
05.23.11.21.56.260	 Left: -1.0 Right: 0.0
05.23.11.21.56.511	 Left: -1.0 Right: 3.0
05.23.11.21.56.761	 Left: -1.0 Right: 3.0
05.23.11.21.57.011	 Left: -1.0 Right: 3.0
05.23.11.21.57.262	 Left: -1.0 Right: 3.0
05.23.11.21.57.512	 Left: -1.0 Right: 3.0
05.23.11.21.57.763	 Left: -1.0 Right: 0.0
05.23.11.21.58.013	 Left: -1.0 Right: 3.0
05.23.11.21.58.263	 Left: -1.0 Right: 0.0
05.23.11.21.58.514	 Left: -1.0 Right: 3.0
05.23.11.21.58.764	 Left: -1.0 Right: 0.0
05.23.11.21.59.016	 Left: -1.0 Right: 0.0
05.23.11.21.59.266	 Left: -1.0 Right: 0.0
05.23.11.21.59.516	 Left: -1.0 Right: 0.0
05.23.11.21.59.766	 Left: -1.0 Right: 0.0
05.23.11.22.00.016	 Left: -1.0 Right: 0.0
05.23.11.22.00.267	 Left: -1.0 Right: 3.0
05.23.11.22.00.517	 Left: -1.0 Right: 3.0
05.23.11.22.00.767	 Left: -1.0 Right: 0.0
05.23.11.22.01.017	 Left: -1.0 Right: 0.0
05.23.11.22.01.267	 Left: -1.0 Right: 0.0
05.23.11.22.01.518	 Left: 1.0 Right: 3.0
05.23.11.22.01.768	 Left: 1.0 Right: 3.0
05.23.11.22.02.018	 Left: 1.0 Right: 3.0
05.23.11.22.02.268	 Left: 1.0 Right: 1.0
05.23.11.22.02.520	 Left: 1.0 Right: 1.0
05.23.11.22.02.770	 Left: 1.0 Right: 1.0
05.23.11.22.03.020	 Left: 1.0 Right: 1.0
05.23.11.22.03.271	 Left: 1.0 Right: 1.0
05.23.11.22.03.521	 Left: 1.0 Right: 1.0
05.23.11.22.03.771	 Left: 1.0 Right: 1.0
05.23.11.22.04.022	 Left: 1.0 Right: 1.0
05.23.11.22.04.272	 Left: 1.0 Right: 1.0
05.23.11.22.04.523	 Left: 2.0 Right: 1.0
05.23.11.22.04.774	 Left: 2.0 Right: 1.0
05.23.11.22.05.024	 Left: 2.0 Right: 1.0
05.23.11.22.05.274	 Left: 2.0 Right: 1.0
05.23.11.22.05.524	 Left: 2.0 Right: 1.0
05.23.11.22.05.775	 Left: 2.0 Right: 1.0
05.23.11.22.06.025	 Left: 2.0 Right: 1.0
05.23.11.22.06.275	 Left: 2.0 Right: 1.0
05.23.11.22.06.526	 Left: 2.0 Right: 1.0
05.23.11.22.06.777	 Left: 2.0 Right: 1.0
05.23.11.22.07.028	 Left: 2.0 Right: 1.0
05.23.11.22.07.278	 Left: 2.0 Right: 1.0
05.23.11.22.07.528	 Left: 2.0 Right: 1.0
05.23.11.22.07.779	 Left: 2.0 Right: 1.0
05.23.11.22.08.029	 Left: 2.0 Right: 1.0
05.23.11.22.08.280	 Left: 2.0 Right: 1.0
05.23.11.22.08.531	 Left: 2.0 Right: 1.0
05.23.11.22.08.781	 Left: 2.0 Right: 1.0
05.23.11.22.09.031	 Left: 2.0 Right: 1.0
05.23.11.22.09.282	 Left: 2.0 Right: 1.0
05.23.11.22.09.532	 Left: 2.0 Right: 1.0
05.23.11.22.09.783	 Left: 2.0 Right: 1.0
05.23.11.22.10.033	 Left: 2.0 Right: 1.0
05.23.11.22.10.284	 Left: 2.0 Right: 1.0
05.23.11.22.10.534	 Left: 2.0 Right: 1.0
05.23.11.22.10.785	 Left: 2.0 Right: 1.0
05.23.11.22.11.036	 Left: 2.0 Right: 1.0
05.23.11.22.11.286	 Left: 2.0 Right: 1.0
05.23.11.22.11.536	 Left: 2.0 Right: 1.0
05.23.11.22.11.786	 Left: 2.0 Right: 1.0
05.23.11.22.12.036	 Left: 2.0 Right: 1.0
05.23.11.22.12.286	 Left: 2.0 Right: 1.0
05.23.11.22.12.537	 Left: 2.0 Right: 1.0
05.23.11.22.12.788	 Left: 2.0 Right: 1.0
05.23.11.22.13.039	 Left: 2.0 Right: 1.0
05.23.11.22.13.289	 Left: 2.0 Right: 1.0
05.23.11.22.13.539	 Left: 2.0 Right: 1.0
05.23.11.22.13.790	 Left: 2.0 Right: 1.0
05.23.11.22.14.041	 Left: 2.0 Right: 1.0
05.23.11.22.14.292	 Left: 2.0 Right: 1.0
05.23.11.22.14.542	 Left: 2.0 Right: 1.0
05.23.11.22.14.793	 Left: 1.0 Right: 1.0
05.23.11.22.15.044	 Left: 1.0 Right: 1.0
05.23.11.22.15.298	 Left: 1.0 Right: 1.0
05.23.11.22.15.548	 Left: 1.0 Right: 1.0
05.23.11.22.15.798	 Left: 1.0 Right: 1.0
05.23.11.22.16.048	 Left: 1.0 Right: 1.0
05.23.11.22.16.299	 Left: 1.0 Right: 1.0
05.23.11.22.16.549	 Left: 1.0 Right: 1.0
05.23.11.22.16.799	 Left: 1.0 Right: 1.0
05.23.11.22.17.049	 Left: 1.0 Right: 1.0
05.23.11.22.17.300	 Left: 1.0 Right: 1.0
05.23.11.22.17.550	 Left: 1.0 Right: 1.0
05.23.11.22.17.800	 Left: 1.0 Right: 1.0
05.23.11.22.18.050	 Left: 1.0 Right: 1.0
05.23.11.22.18.301	 Left: 1.0 Right: 1.0
05.23.11.22.18.551	 Left: 1.0 Right: 1.0
05.23.11.22.18.802	 Left: 1.0 Right: 1.0
05.23.11.22.19.052	 Left: 1.0 Right: 1.0
05.23.11.22.19.302	 Left: 1.0 Right: 1.0
05.23.11.22.19.552	 Left: 1.0 Right: 1.0
05.23.11.22.19.802	 Left: 1.0 Right: 1.0
05.23.11.22.20.053	 Left: 1.0 Right: 1.0
05.23.11.22.20.303	 Left: 1.0 Right: 1.0
05.23.11.22.20.553	 Left: 1.0 Right: 1.0
05.23.11.22.20.804	 Left: 1.0 Right: 1.0
05.23.11.22.21.054	 Left: 1.0 Right: 1.0
05.23.11.22.21.305	 Left: 1.0 Right: 1.0
05.23.11.22.21.554	 Left: 1.0 Right: 1.0
05.23.11.22.21.805	 Left: 1.0 Right: 1.0
05.23.11.22.22.054	 Left: 1.0 Right: 0.0
05.23.11.22.22.305	 Left: 1.0 Right: 4.0
05.23.11.22.22.555	 Left: 1.0 Right: 0.0
05.23.11.22.22.805	 Left: 1.0 Right: 3.0
05.23.11.22.23.055	 Left: 1.0 Right: 3.0
05.23.11.22.23.306	 Left: 1.0 Right: 0.0
05.23.11.22.23.556	 Left: 1.0 Right: 3.0
05.23.11.22.23.807	 Left: 1.0 Right: 4.0
05.23.11.22.24.057	 Left: 1.0 Right: 4.0
05.23.11.22.24.306	 Left: 1.0 Right: 0.0
05.23.11.22.24.557	 Left: 1.0 Right: 0.0
05.23.11.22.24.807	 Left: 1.0 Right: 3.0
05.23.11.22.25.058	 Left: 1.0 Right: 3.0
05.23.11.22.25.308	 Left: 1.0 Right: 0.0
05.23.11.22.25.558	 Left: 1.0 Right: 3.0
05.23.11.22.25.809	 Left: 1.0 Right: 3.0
05.23.11.22.26.059	 Left: 1.0 Right: 3.0
05.23.11.22.26.309	 Left: 1.0 Right: 0.0
05.23.11.22.26.560	 Left: 1.0 Right: 3.0
05.23.11.22.26.810	 Left: 1.0 Right: 3.0
05.23.11.22.27.060	 Left: 1.0 Right: 0.0
05.23.11.22.27.310	 Left: 1.0 Right: 2.0
05.23.11.22.27.561	 Left: 1.0 Right: 1.0
05.23.11.22.27.811	 Left: 1.0 Right: 1.0
05.23.11.22.28.061	 Left: 1.0 Right: 1.0
05.23.11.22.28.312	 Left: 1.0 Right: 1.0
05.23.11.22.28.562	 Left: 1.0 Right: 1.0
05.23.11.22.28.812	 Left: 1.0 Right: 1.0
05.23.11.22.29.063	 Left: 1.0 Right: 1.0
05.23.11.22.29.312	 Left: 1.0 Right: 1.0
05.23.11.22.29.563	 Left: 1.0 Right: 1.0
05.23.11.22.29.814	 Left: 1.0 Right: 1.0
05.23.11.22.30.064	 Left: 1.0 Right: 1.0
05.23.11.22.30.314	 Left: 1.0 Right: 1.0
05.23.11.22.30.564	 Left: 1.0 Right: 1.0
05.23.11.22.30.815	 Left: 1.0 Right: 1.0
05.23.11.22.31.065	 Left: 1.0 Right: 1.0
05.23.11.22.31.315	 Left: 1.0 Right: 1.0
05.23.11.22.31.565	 Left: 1.0 Right: 1.0
05.23.11.22.31.816	 Left: 1.0 Right: 1.0
05.23.11.22.32.067	 Left: 1.0 Right: 1.0
05.23.11.22.32.317	 Left: 1.0 Right: 1.0
05.23.11.22.32.567	 Left: 1.0 Right: 1.0
05.23.11.22.32.818	 Left: 1.0 Right: 1.0
05.23.11.22.33.068	 Left: 1.0 Right: 1.0
05.23.11.22.33.319	 Left: 1.0 Right: 1.0
05.23.11.22.33.569	 Left: 1.0 Right: 1.0
05.23.11.22.33.819	 Left: 1.0 Right: 1.0
05.23.11.22.34.069	 Left: 1.0 Right: 1.0
05.23.11.22.34.320	 Left: 1.0 Right: 1.0
05.23.11.22.34.570	 Left: 1.0 Right: 1.0
05.23.11.22.34.821	 Left: 1.0 Right: 1.0
05.23.11.22.35.071	 Left: 1.0 Right: 1.0
05.23.11.22.35.321	 Left: 1.0 Right: 1.0
05.23.11.22.35.571	 Left: 1.0 Right: 1.0
05.23.11.22.35.822	 Left: 1.0 Right: 1.0
05.23.11.22.36.072	 Left: 1.0 Right: 1.0
05.23.11.22.36.323	 Left: 1.0 Right: 1.0
05.23.11.22.36.573	 Left: 1.0 Right: 1.0
05.23.11.22.36.823	 Left: 1.0 Right: 1.0
05.23.11.22.37.074	 Left: 1.0 Right: 1.0
05.23.11.22.37.324	 Left: 1.0 Right: 1.0
05.23.11.22.37.574	 Left: 1.0 Right: 1.0
05.23.11.22.37.825	 Left: 1.0 Right: 1.0
05.23.11.22.38.075	 Left: 1.0 Right: 1.0
05.23.11.22.38.325	 Left: 1.0 Right: 1.0
05.23.11.22.38.575	 Left: 1.0 Right: 1.0
05.23.11.22.38.825	 Left: 1.0 Right: 2.0
05.23.11.22.39.076	 Left: 1.0 Right: 2.0
05.23.11.22.39.326	 Left: 1.0 Right: 2.0
05.23.11.22.39.576	 Left: 1.0 Right: 1.0
05.23.11.22.39.827	 Left: 1.0 Right: 1.0
05.23.11.22.40.077	 Left: 1.0 Right: 1.0
05.23.11.22.40.328	 Left: 1.0 Right: 1.0
05.23.11.22.40.578	 Left: 1.0 Right: 1.0
05.23.11.22.40.829	 Left: 1.0 Right: 1.0
05.23.11.22.41.079	 Left: 1.0 Right: 1.0
05.23.11.22.41.329	 Left: 1.0 Right: 1.0
05.23.11.22.41.580	 Left: 1.0 Right: 1.0
05.23.11.22.41.831	 Left: 1.0 Right: 0.0
05.23.11.22.42.081	 Left: 1.0 Right: 4.0
05.23.11.22.42.332	 Left: 1.0 Right: 4.0
05.23.11.22.42.582	 Left: 1.0 Right: 4.0
05.23.11.22.42.833	 Left: 1.0 Right: 4.0
05.23.11.22.43.083	 Left: 1.0 Right: 4.0
05.23.11.22.43.333	 Left: 1.0 Right: 4.0
05.23.11.22.43.584	 Left: 1.0 Right: 4.0
05.23.11.22.43.835	 Left: 1.0 Right: 4.0
05.23.11.22.44.085	 Left: 1.0 Right: 4.0
05.23.11.22.44.335	 Left: 1.0 Right: 4.0
05.23.11.22.44.586	 Left: 1.0 Right: 4.0
05.23.11.22.44.836	 Left: 1.0 Right: 4.0
05.23.11.22.45.086	 Left: 1.0 Right: 4.0
05.23.11.22.45.337	 Left: 1.0 Right: 4.0
05.23.11.22.45.588	 Left: 1.0 Right: 4.0
05.23.11.22.45.838	 Left: 1.0 Right: 4.0
05.23.11.22.46.089	 Left: 1.0 Right: 4.0
05.23.11.22.46.339	 Left: 1.0 Right: 4.0
05.23.11.22.46.589	 Left: 1.0 Right: 4.0
05.23.11.22.46.840	 Left: 1.0 Right: 4.0
05.23.11.22.47.090	 Left: 1.0 Right: 4.0
05.23.11.22.47.341	 Left: 1.0 Right: 4.0
05.23.11.22.47.591	 Left: 1.0 Right: 4.0
05.23.11.22.47.841	 Left: 1.0 Right: 4.0
05.23.11.22.48.092	 Left: 1.0 Right: 4.0
05.23.11.22.48.342	 Left: 1.0 Right: 4.0
05.23.11.22.48.592	 Left: 1.0 Right: 4.0
05.23.11.22.48.842	 Left: 1.0 Right: 4.0
05.23.11.22.49.092	 Left: 1.0 Right: 4.0
05.23.11.22.49.343	 Left: 1.0 Right: 4.0
05.23.11.22.49.593	 Left: 1.0 Right: 4.0
05.23.11.22.49.843	 Left: 1.0 Right: 0.0
05.23.11.22.50.094	 Left: 1.0 Right: 1.0
05.23.11.22.50.344	 Left: 1.0 Right: 1.0
05.23.11.22.50.595	 Left: 1.0 Right: 1.0
05.23.11.22.50.845	 Left: 1.0 Right: 1.0
05.23.11.22.51.095	 Left: 1.0 Right: 1.0
05.23.11.22.51.345	 Left: 1.0 Right: 1.0
05.23.11.22.51.595	 Left: 1.0 Right: 1.0
05.23.11.22.51.846	 Left: 1.0 Right: 1.0
05.23.11.22.52.096	 Left: 1.0 Right: 1.0
05.23.11.22.52.347	 Left: 1.0 Right: 1.0
05.23.11.22.52.597	 Left: 1.0 Right: 1.0
05.23.11.22.52.848	 Left: 1.0 Right: 1.0
05.23.11.22.53.098	 Left: 1.0 Right: 1.0
05.23.11.22.53.349	 Left: 1.0 Right: 1.0
05.23.11.22.53.599	 Left: 1.0 Right: 1.0
05.23.11.22.53.850	 Left: 1.0 Right: 1.0
05.23.11.22.54.100	 Left: 1.0 Right: 1.0
05.23.11.22.54.350	 Left: 1.0 Right: 1.0
05.23.11.22.54.600	 Left: 1.0 Right: 1.0
05.23.11.22.54.851	 Left: 1.0 Right: 1.0
05.23.11.22.55.101	 Left: 1.0 Right: 1.0
05.23.11.22.55.351	 Left: 1.0 Right: 1.0
05.23.11.22.55.601	 Left: 1.0 Right: 1.0
05.23.11.22.55.852	 Left: 1.0 Right: 1.0
05.23.11.22.56.102	 Left: 1.0 Right: 1.0
05.23.11.22.56.352	 Left: 1.0 Right: 1.0
05.23.11.22.56.602	 Left: 1.0 Right: 1.0
05.23.11.22.56.853	 Left: 1.0 Right: 1.0
05.23.11.22.57.103	 Left: 1.0 Right: 1.0
05.23.11.22.57.353	 Left: 1.0 Right: 1.0
05.23.11.22.57.603	 Left: 1.0 Right: 1.0
05.23.11.22.57.853	 Left: 1.0 Right: 1.0
05.23.11.22.58.104	 Left: 1.0 Right: 1.0
05.23.11.22.58.354	 Left: 1.0 Right: 1.0
05.23.11.22.58.604	 Left: 1.0 Right: 1.0
05.23.11.22.58.855	 Left: 1.0 Right: 1.0
05.23.11.22.59.105	 Left: 1.0 Right: 1.0
05.23.11.22.59.356	 Left: 1.0 Right: 1.0
05.23.11.22.59.606	 Left: 1.0 Right: 1.0
05.23.11.22.59.856	 Left: 1.0 Right: 1.0
05.23.11.23.00.114	 Left: 1.0 Right: 1.0
05.23.11.23.00.357	 Left: 1.0 Right: 1.0
05.23.11.23.00.615	 Left: 0.0 Right: 1.0
05.23.11.23.00.858	 Left: 0.0 Right: 1.0
05.23.11.23.01.108	 Left: 1.0 Right: 1.0
05.23.11.23.01.359	 Left: 1.0 Right: 1.0
05.23.11.23.01.609	 Left: 0.0 Right: 1.0
05.23.11.23.01.863	 Left: 1.0 Right: 1.0
05.23.11.23.02.110	 Left: 0.0 Right: 1.0
05.23.11.23.02.361	 Left: 0.0 Right: 1.0
05.23.11.23.02.611	 Left: 1.0 Right: 3.0
05.23.11.23.02.868	 Left: 1.0 Right: 3.0
05.23.11.23.03.111	 Left: 0.0 Right: 3.0
05.23.11.23.03.361	 Left: 0.0 Right: 3.0
05.23.11.23.03.612	 Left: 1.0 Right: 3.0
05.23.11.23.03.862	 Left: 1.0 Right: 3.0
05.23.11.23.04.114	 Left: 1.0 Right: 4.0
05.23.11.23.04.363	 Left: 1.0 Right: 1.0
05.23.11.23.04.627	 Left: 1.0 Right: 0.0
05.23.11.23.04.864	 Left: 1.0 Right: 0.0
05.23.11.23.05.129	 Left: 1.0 Right: 0.0
05.23.11.23.05.380	 Left: 1.0 Right: 0.0
05.23.11.23.05.615	 Left: 1.0 Right: 0.0
05.23.11.23.05.869	 Left: 1.0 Right: 3.0
05.23.11.23.06.116	 Left: -1.0 Right: 3.0
05.23.11.23.06.378	 Left: -1.0 Right: 3.0
05.23.11.23.06.617	 Left: -1.0 Right: 3.0
05.23.11.23.06.868	 Left: -1.0 Right: -1.0
05.23.11.23.07.122	 Left: -1.0 Right: -1.0
05.23.11.23.07.373	 Left: -1.0 Right: -1.0
05.23.11.23.07.623	 Left: -1.0 Right: -1.0
05.23.11.23.07.874	 Left: -1.0 Right: -1.0
05.23.11.23.08.124	 Left: -1.0 Right: -1.0
05.23.11.23.08.378	 Left: -1.0 Right: -1.0
05.23.11.23.08.631	 Left: -1.0 Right: -1.0
05.23.11.23.08.876	 Left: -1.0 Right: -1.0
05.23.11.23.09.125	 Left: -1.0 Right: -1.0
05.23.11.23.09.375	 Left: -1.0 Right: -1.0
05.23.11.23.09.625	 Left: -1.0 Right: -1.0
05.23.11.23.09.875	 Left: -1.0 Right: -1.0
05.23.11.23.10.126	 Left: -1.0 Right: -1.0
05.23.11.23.10.376	 Left: -1.0 Right: -1.0
05.23.11.23.10.627	 Left: -1.0 Right: -1.0
05.23.11.23.10.877	 Left: -1.0 Right: -1.0
05.23.11.23.11.127	 Left: -1.0 Right: -1.0
05.23.11.23.11.378	 Left: -1.0 Right: -1.0
05.23.11.23.11.635	 Left: -1.0 Right: -1.0
05.23.11.23.11.878	 Left: -1.0 Right: -1.0
05.23.11.23.12.127	 Left: -1.0 Right: -1.0
05.23.11.23.12.378	 Left: -1.0 Right: -1.0
05.23.11.23.12.634	 Left: -1.0 Right: -1.0
05.23.11.23.12.885	 Left: -1.0 Right: -1.0
05.23.11.23.13.131	 Left: -1.0 Right: -1.0
05.23.11.23.13.380	 Left: -1.0 Right: -1.0
05.23.11.23.13.631	 Left: -1.0 Right: -1.0
05.23.11.23.13.880	 Left: -1.0 Right: -1.0
05.23.11.23.14.130	 Left: -1.0 Right: -1.0
05.23.11.23.14.381	 Left: -1.0 Right: -1.0
05.23.11.23.14.630	 Left: -1.0 Right: -1.0
05.23.11.23.14.881	 Left: -1.0 Right: -1.0
05.23.11.23.15.132	 Left: -1.0 Right: -1.0
05.23.11.23.15.381	 Left: -1.0 Right: -1.0
05.23.11.23.15.638	 Left: -1.0 Right: -1.0
05.23.11.23.15.887	 Left: -1.0 Right: -1.0
05.23.11.23.16.136	 Left: -1.0 Right: -1.0
05.23.11.23.16.390	 Left: -1.0 Right: -1.0
05.23.11.23.16.640	 Left: -1.0 Right: -1.0
05.23.11.23.16.890	 Left: -1.0 Right: -1.0
05.23.11.23.17.140	 Left: -1.0 Right: -1.0
05.23.11.23.17.389	 Left: -1.0 Right: -1.0
05.23.11.23.17.637	 Left: -1.0 Right: -1.0
05.23.11.23.17.885	 Left: -1.0 Right: -1.0
05.23.11.23.18.135	 Left: -1.0 Right: -1.0
05.23.11.23.18.388	 Left: -1.0 Right: -1.0
05.23.11.23.18.636	 Left: -1.0 Right: -1.0
05.23.11.23.18.887	 Left: -1.0 Right: -1.0
05.23.11.23.19.136	 Left: -1.0 Right: -1.0
05.23.11.23.19.386	 Left: -1.0 Right: -1.0
05.23.11.23.19.642	 Left: -1.0 Right: -1.0
05.23.11.23.19.889	 Left: -1.0 Right: -1.0
05.23.11.23.20.138	 Left: -1.0 Right: -1.0
05.23.11.23.20.388	 Left: -1.0 Right: -1.0
05.23.11.23.20.638	 Left: -1.0 Right: -1.0
05.23.11.23.20.895	 Left: -1.0 Right: -1.0
05.23.11.23.21.144	 Left: -1.0 Right: -1.0
05.23.11.23.21.389	 Left: -1.0 Right: -1.0
05.23.11.23.21.646	 Left: -1.0 Right: -1.0
05.23.11.23.21.896	 Left: -1.0 Right: -1.0
